机场名称,餐厅编码,餐厅名称,餐厅状态,套餐类型,套餐内容,套餐供应时间,站点类型,航站楼,出发类型,安检类型,位置指引,境内外,机场编码,城市,省份
厦门高崎国际机场,N01444,厦门名小吃(T4-4-2-1-02店),正常使用,餐食体验厅,"饮品：【纯悦矿泉水 * 1】,主食：【红烧猪脚 * 1,银鱼炒长豆 * 1,口口脆笋 * 1,麻婆豆腐 * 1,米饭 * 1】",10:30-20:30,机场,T4航站楼,国内出发,安检后,隔离区内安检口值机岛上夹层,境内,XMN,厦门市,福建省
石家庄正定国际机场,N01447,舌尖尖牛肉面,正常使用,餐食体验厅,"饮品：【杨枝甘露 * 1】,配菜：【葱香鲜腐竹 * 1,葱油罗马生菜 * 1,肉夹馍 * 1】,主食：【原味牛肉拉面 * 1】",06:00-22:00,机场,T2航站楼,国内出发,安检后,24至25登机口中间位置,境内,SJW,石家庄市,河北省
武汉天河国际机场,N01575,湖北特色名小吃(2W2-01店),正常使用,餐食体验厅,"汤品：【海带排骨汤 * 1】,主食：【萝卜牛腩 * 1,酸菜鱼 * 1,清炒时蔬 * 1,米饭 * 1】",10:00-21:00,机场,T3航站楼,国内出发,安检后,出发2层11号登机口,境内,WUH,武汉市,湖北省
南宁吴圩国际机场,N01592,德克士(26号登机口),正常使用,餐食体验厅,"饮品：【百事可乐（中杯） * 1】,小食：【咔滋薯霸 * 1,绵绵红豆鲷鱼烧 * 1】,主食：【一桶都是辣翅 * 1】",06:30-本区域航班结束,机场,T2航站楼,国内出发,安检后,国内26号登机口附近,境内,NNG,南宁市,广西壮族自治区
北京大兴国际机场,N02396,无敌家,正常使用,餐食体验厅,"饮品：【可尔必思 * 1】,配菜：【热舞章鱼丸子 * 1,日式出汁煎饺 * 1】,主食：【猪软骨拉面 * 1】",06:00-22:00,机场,主航站楼,国内出发,安检后,A指廊A02登机口对面,境内,PKX,北京市,北京市
西安咸阳国际机场,N01807,陇兴楼(南远机位店),正常使用,餐食体验厅,"饮品：【西柠可乐1杯 * 1】,小食：【香拌牛肉1份 * 1,卤鸡蛋1个 * 1】,主食：【精品原味拉面套餐1份 * 1,纸巾1包 * 1】",06:20-21:00,机场,T3航站楼,国内出发,安检后,南远机位H05登机口旁,境内,XIY,西安市,陕西省
西安咸阳国际机场,N01986,陇兴楼(8号登机口),正常使用,餐食体验厅,"饮品：【西柠可乐1杯 * 1】,小食：【香拌牛肉1份 * 1,卤鸡蛋1个 * 1】,主食：【精品原味拉面套餐1份 * 1,纸巾1包 * 1】",06:20-21:00,机场,T2航站楼,国内出发,安检后,8号登机口旁,境内,XIY,西安市,陕西省
西安咸阳国际机场,N01987,普奇咖啡(20号登机口),正常使用,餐食体验厅,"饮品：【西柠可乐1杯 * 1】,小食：【香拌牛肉1份 * 1,卤鸡蛋1个 * 1】,主食：【精品原味拉面套餐1份 * 1,纸巾1包 * 1】",06:20-21:00,机场,T2航站楼,国内出发,安检后,安检内20号登机口旁,境内,XIY,西安市,陕西省
西安咸阳国际机场,N01988,陇兴楼牛肉拉面&茶话弄,正常使用,餐食体验厅,"饮品：【西柠可乐1杯 * 1】,小食：【香拌牛肉1份 * 1,卤鸡蛋1个 * 1】,主食：【精品原味拉面套餐1份 * 1,纸巾1包 * 1】",06:20-21:00,机场,T3航站楼,国内出发,安检后,H54号登机口,境内,XIY,西安市,陕西省
珠海金湾机场,N02015,粤港茶餐厅（B区）,正常使用,餐食体验厅,"饮品：【柠檬果茶 * 1】,配菜：【爽口萝卜皮 * 1,白灼生菜 * 1】,主食：【盐焗鸡 * 1,米饭 * 1,一次性餐具包 * 1】",07:30-21:30,机场,T2航站楼,国内出发,安检后,二楼出发B区隔离区东指廊11号登机口旁,境内,ZUH,珠海市,广东省
珠海金湾机场,N02016,陇兴楼(B区）,正常使用,餐食体验厅,"饮品：【柠檬果茶 * 1】,配菜：【香拌牛肉 * 1,肉夹馍 * 1,酸辣泡菜 * 1】,主食：【传统牛肉拉面 * 1,一次性餐具包 * 1】",07:30-21:30,机场,主航站楼,国内出发,安检后,B区14号登机口对面。,境内,ZUH,珠海市,广东省
三亚凤凰国际机场,N02507,供销食堂,正常使用,餐食体验厅,"饮品：【酸梅汤一杯 * 1】,小食：【红烧牛腩面 * 1,盐焗鸡一份 * 1,热狗肠一根 * 1】",06:00-21:00,机场,T1航站楼,国内出发,安检后,110登机口,境内,SYX,三亚市,海南省
三亚凤凰国际机场,N02512,粉仔巷2店,正常使用,餐食体验厅,"汤品：【盐焗鸡一份 * 1,热狗肠一根 * 1】,配菜：【酸梅汤一杯 * 1】,主食：【招牌猪软骨面 * 1】",06:00-21:00,机场,T1航站楼,国内出发,安检后,214登机口附近,境内,SYX,三亚市,海南省
武汉天河国际机场,N02100,陇兴楼兰州牛肉拉面(2W2-08店),正常使用,餐食体验厅,"饮品：【酸梅汁 * 1】,配菜：【酸豆角 * 1,肉夹馍 * 1,手撕鸡 * 1】,主食：【红烧牛肉面 * 1】",06:00-21:00,机场,T3航站楼,国内出发,安检后,26号登机口对面,境内,WUH,武汉市,湖北省
武汉天河国际机场,N02101,陇兴楼兰州牛肉拉面(2W1-05店),正常使用,餐食体验厅,"饮品：【酸梅汁 * 1】,配菜：【酸豆角 * 1,肉夹馍 * 1,手撕鸡 * 1】,主食：【红烧牛肉面 * 1】",06:00-21:00,机场,T3航站楼,国内出发,安检后,出发2层15-16号登机口旁,境内,WUH,武汉市,湖北省
兰州中川机场,N02102,东方宫牛肉拉面(CF-5店),正常使用,餐食体验厅,"配菜：【秘制现切牛肉 * 1,肉夹馍 * 1,小凉菜 * 1,三泡台 * 1】,主食：【红烧牛肉面 * 1】",07:00-21:00,机场,T1航站楼,国内出发,安检后,"安检旁,临近中转联程休息处",境内,LHW,兰州市,甘肃省
兰州中川机场,N02132,宽窄巷成都名小吃（115号店）,正常使用,餐食体验厅,"饮品：【酸梅汁 * 1】,小食：【肉夹馍 * 1,凉皮 * 1,葱油罗马生菜 * 1】,主食：【肥肠面 * 1】",07:00-21:00,机场,T2航站楼,国内出发,安检后,115登机口旁,境内,LHW,兰州市,甘肃省
沈阳桃仙国际机场,N02142,老边饺子,正常使用,餐食体验厅,"饮品：【冰爽红枣茶 * 1】,配菜：【口水鸡 * 1,土豆丝 * 1】,主食：【百年煸馅蒸饺 * 1】",05:00-21:00,机场,T3航站楼,国内出发,安检后,安检内右侧100米处,境内,SHE,沈阳市,辽宁省
大连周水子国际机场,N02145,味一楼拉面1店,正常使用,餐食体验厅,"饮品：【自制饮品(一杯) * 1】,配菜：【干切牛肉一份 * 1,土豆丝 * 1】,主食：【清汤牛肉面(茶叶蛋+花生米+辣白菜) * 1】",6:00-区域最晚航班,机场,T3航站楼,国内出发,安检后,隔离厅19号登机口对面,境内,DLC,大连市,辽宁省
大连周水子国际机场,N02146,猫婆小面,正常使用,餐食体验厅,"饮品：【奶茶 * 1】,配菜：【肥肠大份 * 1,辣白菜 * 1】,主食：【牛肉面套餐(花生米+红肠+海带丝) * 1】",6:00-区域最晚航班,机场,T3航站楼,国内出发,安检后,隔离厅41-45号登机口,境内,DLC,大连市,辽宁省
广州白云国际机场,N02199,味千拉面(T2),正常使用,餐食体验厅,"饮品：【超大可乐 * 1】,配菜：【金针菇牛肉卷(4只) * 4,海裙菜 * 1】,主食：【经典味千拉面 * 1】",07:30-21:00,机场,T2航站楼,国内出发,安检后,过安检后左转直行50米附近(三楼美食区),境内,CAN,广州市,广东省
无锡硕放机场,N02150,王四酒家,正常使用,餐食体验厅,"饮品：【冻柠茶 * 1】,配菜：【盐水鸭 * 1,凉拌黄瓜 * 1,卤蛋 * 1,辣白菜 * 1】,主食：【红烧牛肉面 * 1】",06:00-21:00,机场,T2航站楼,国内出发,安检后,隔离区内17号登机口对面,境内,WUX,无锡市,江苏省
济南遥墙国际机场,N02151,老边饺子,正常使用,餐食体验厅,"饮品：【鲜榨果汁 * 1】,小食：【酱牛肉 * 1】,主食：【鲅鱼水饺 * 1】",05:10-21:30,机场,主航站楼,国内出发,安检后,隔离区2号登机口旁,境内,TNA,济南市,山东省
长沙黄花国际机场,N02262,湘味小厨,正常使用,餐食体验厅,"汤品：【滋补乌鸡汤/虫草花老鸭汤 * 1】,小食：【臭豆腐 * 1】,配菜：【鸡汁脆笋 * 1】,主食：【小炒黄牛肉 * 1,米饭1份 * 1】",09:00-21:00,机场,T2航站楼,国内出发,安检后,隔离区旅客候机区A岛,境内,CSX,长沙市,湖南省
长沙黄花国际机场,N02263,隆港·湘味名小吃（T2安检后）,正常使用,餐食体验厅,"汤品：【滋补乌鸡汤/虫草花老鸭汤 * 1】,小食：【臭豆腐 * 1】,配菜：【鸡汁脆笋 * 1】,主食：【小炒黄牛肉 * 1,米饭1份 * 1】",09:00-21:00,机场,T2航站楼,国内出发,安检后,隔离区旅客候机区B岛,境内,CSX,长沙市,湖南省
无锡硕放机场,N02307,皇亭美食(A-K-8店),正常使用,餐食体验厅,"汤品：【紫莱蛋花汤 * 1】,配菜：【酸辣土豆丝 * 1,凉拌青菜木耳 * 1,虎皮凤爪 * 1,木耳 * 1】,主食：【无锡蟹粉小笼 * 1】",08:00-20:30,机场,T2航站楼,国内出发,安检后,10号登机口旁,境内,WUX,无锡市,江苏省
宁波栎社国际机场,N02327,富春茶社,正常使用,餐食体验厅,"饮品：【凤梨百香果茶 * 1】,主食：【梅菜扣肉 * 1,金汤酸菜鱼 * 1,米饭 * 1】",06:00-21:30,机场,T2航站楼,国内出发,安检后,218登机口正对面,境内,NGB,宁波市,浙江省
贵阳龙洞堡国际机场,N02154,猫婆小面,正常使用,餐食体验厅,"饮品：【金桔柠檬 * 1】,小食：【青岩卤猪蹄 * 1,白灼时蔬 * 1】,主食：【牛肉面套餐 * 1】",06:00-22:00,机场,T2航站楼,国内出发,安检后,208登机口对面,境内,KWE,贵阳市,贵州省
广州白云国际机场,N02334,半岛名轩(T23D-71店),正常使用,餐食体验厅,"配菜：【泉水白灼生菜 * 1】,主食：【酸菜鱼 * 1,白米饭 * 1】",10:00-21:00,机场,T2航站楼,国内出发,安检后,B区安检口左转直行30米处,境内,CAN,广州市,广东省
桂林两江国际机场,N02188,桂林特色小吃(207登机口旁),正常使用,餐食体验厅,"汤品：【海带排骨汤 * 1】,饮品：【豆浆 * 1】,小食：【水果 * 1,烤肠 * 1,单份扣肉 * 1】,配菜：【凉拌小菜 * 1】,主食：【排骨米饭 * 1】",最早航班-最晚航班,机场,T2航站楼,国内出发,安检后,进安检后右手边下二楼207登机口旁,境内,KWL,桂林市,广西壮族自治区
呼和浩特白塔国际机场,N02223,紫悦、呼市名小吃,正常使用,餐食体验厅,"饮品：【桂圆红枣茶 * 1】,小食：【精美小凉菜 * 1】,配菜：【麻婆豆腐 * 1】,主食：【米饭 * 1,毛氏红烧肉 * 1】",10:30-20:00,机场,T2航站楼,国内出发,安检后,隔离区内9号登机口对面,境内,HET,呼和浩特市,内蒙古自治区
哈尔滨太平国际机场,N02228,紫悦东北名小吃(安检内),正常使用,餐食体验厅,"饮品：【茶水1壶 * 1】,主食：【地道酸菜炖脊骨 * 1,石锅有机菜花 * 1,辣白菜 * 1,白米饭 * 1】",10:00-20:00,机场,T2航站楼,国内出发,安检后,隔离区内三角区阳光大厅(询问处对面),境内,HRB,哈尔滨市,黑龙江省
洛阳北郊机场,N02408,宽门窄味,正常使用,餐食体验厅,"饮品：【毛尖茶 * 1,奶特咖啡 * 1】,汤：【例汤 * 1】,小食：【米饭 * 1,水果沙拉 * 1】,配菜：【凉菜 * 1,时蔬 * 1】,主食：【红烧排骨 * 1,红烧牛肉 * 1】",07:30-20:30,机场,主航站楼,国内出发,安检后,电梯或步梯上楼可见餐厅,境内,LYA,洛阳市,河南省
乌鲁木齐地窝堡国际机场,N02412,塔城拌面,正常使用,餐食体验厅,"饮品：【时令饮品 * 1】,配菜：【水煮鸡蛋 * 1,开胃小菜 * 1,时令水果 * 1】,主食：【招牌牛肉面 * 1】",06:00-20:30,机场,T3航站楼,国内出发,安检后,A区31-32通道旁,境内,URC,乌鲁木齐市,新疆维吾尔自治区
宁波栎社国际机场,N02400,舌尖尖拉面,正常使用,餐食体验厅,"饮品：【酸梅汁或自制饮品 * 1】,配菜：【凉拌牛肉1份 * 1】,主食：【正宗牛肉拉面 * 1】",05:30-航班结束,机场,T2航站楼,国内出发,安检后,安检后右转楼下出发厅远机位245登机口旁边,境内,NGB,宁波市,浙江省
长春龙嘉国际机场,N02565,味一楼,正常使用,餐食体验厅,"饮品：【鲜榨果汁 * 1】,小食：【肉沫拉皮 * 1,全聚德鸭货鸭锁骨2袋（可外带） * 2】,主食：【半筋半肉牛肉面 * 1】",06:00-21:00,机场,T2航站楼,国内出发,安检后,出发大厅17号登机口对面,境内,CGQ,长春市,吉林省
长春龙嘉国际机场,N02566,满宝馄饨,正常使用,餐食体验厅,"饮品：【鲜榨果汁 * 1】,小食：【肉沫拉皮 * 1,全聚德鸭货猪蹄2袋（可外带） * 2】,主食：【虾皇馄饨 * 1】",06:00-21:00,机场,T2航站楼,国内出发,安检后,出发大厅26号登机口对面,境内,CGQ,长春市,吉林省
义乌机场,N02679,乌商面馆,正常使用,餐食体验厅,"饮品：【鲜百香果汁 * 1】,配菜：【柠檬凤爪 * 1,关东煮4串 * 1】,主食：【牛肉面 * 1】",06:00-21:00,机场,T1航站楼,国内出发,安检后,5号登机口对面,境内,YIW,义乌市,浙江省
合肥新桥国际机场,N02691,吉祥馄饨（A06登机口）,正常使用,餐食体验厅,"饮品：【原味拿铁36元 * 1】,小食：【萝卜牛肉饼1个 * 1,风味柠檬鸡爪 * 1】,主食：【虾仁鲜肉馄饨 * 1】",06：00-22：00,机场,主航站楼,国内出发,安检后,A06号登机口,境内,HFE,合肥市,安徽省
南京禄口国际机场,N02495,富春茶社,正常使用,餐食体验厅,"饮品：【杨枝甘露 * 1】,配菜：【青菜包 * 1,盐水鸭 * 1】,主食：【红烧狮子头面 * 1】",09:30-20:00,机场,T1航站楼,国内出发,安检后,125登机口对面,境内,NKG,南京市,江苏省
南京禄口国际机场,N02497,陇兴楼手工牛肉拉面(118登机口旁),正常使用,餐食体验厅,"饮品：【金桔柠檬茶 * 1】,配菜：【金陵盐水鸭 * 1,香拌牛肉 * 1】,主食：【红烧牛肉面 * 1】",08:30-20:00,机场,T1航站楼,国内出发,安检后,隔离区118登机口,境内,NKG,南京市,江苏省
长春龙嘉国际机场,N02693,愚小面,正常使用,餐食体验厅,"饮品：【百香果汁9 * 1】,配菜：【肉沫拉皮 * 1,酱牛肉 * 1,关东煮（5串） * 1,茶蛋 * 1】,主食：【排骨面 * 1】",06:00-21:00,机场,T2航站楼,国内出发,安检后,29号登机口对面,境内,CGQ,长春市,吉林省
桂林两江国际机场,N02186,桂林小吃街,正常使用,餐食体验厅,"汤品：【排骨汤 * 1】,饮品：【美式咖啡 * 1】,小食：【水果 * 1,烤肠  * 1】,配菜：【凉拌海带丝 * 1】,主食：【烧鹅饭 * 1】",06:30-22:00,机场,T2航站楼,国内出发,安检后,进安检右手边下三楼201登机口旁,境内,KWL,桂林市,广西壮族自治区
桂林两江国际机场,N02187,米芝莲,正常使用,餐食体验厅,"饮品：【杨枝甘露(大杯) * 1,红豆双皮奶 * 1】,小食：【原味鸡蛋仔 * 1,蛋挞(4个) * 1】,主食：【鱼蛋车仔面 * 1】",09:30-19:00,机场,T2航站楼,国内出发,安检后,进安检右手边下三楼203登机口旁,境内,KWL,桂林市,广西壮族自治区
杭州萧山国际机场,N02562,遣唐拉面(T3航站楼 ),正常使用,餐食体验厅,"小食：【中华小章鱼 * 1,海带丝 * 1,泡菜 * 1,笋条 * 1】,主食：【鳗鱼盖饭套餐(含鳗鱼盖饭、蜂蜜养颜柚子茶、猪骨汤) * 1】",05:30-21:30,机场,T3航站楼,国内出发,安检后,B15-B21登机口旁四楼,境内,HGH,杭州市,浙江省
合肥新桥国际机场,N02622,迪欧咖啡(A08登机口斜对面),正常使用,餐食体验厅,"饮品：【鲜榨果汁 * 1】,主食：【黑椒牛排（西冷牛排180g+蔬菜沙拉70g） * 1,（主食意面/米饭免费） * 1】",06:10-22:00,机场,主航站楼,国内出发,安检后,A08登机口斜对面,境内,HFE,合肥市,安徽省
广州白云国际机场,N02574,太平洋咖啡（T1国内出发，安检后）,正常使用,餐食体验厅,"饮品：【榛子拿铁 * 1,依云水 * 1】,甜点：【伯爵抹茶/朗姆栗子/LaViÑa 巴斯克/奥利奥芝士/海盐太妃芝士/熊猫王子(芝士蛋糕) * 1】,主食：【火腿芝士可颂 * 1】",05:30-22:00,机场,T1航站楼,国内出发,安检后,B区西二指廊，B214登机口附近,境内,CAN,广州市,广东省
广州白云国际机场,N02575,惠如楼（T2国内出发，安检后）,正常使用,餐食体验厅,"配菜：【白灼菜心 * 1】,主食：【如意白切鸡 * 1,白米饭 * 1】",05:30-22:00(新套餐从2023-8-1启用）,机场,T2航站楼,国内出发,安检后,过安检后左转直行50米附近(三楼美食区),境内,CAN,广州市,广东省
成都双流国际机场,N02587,成都名小吃（E-F-3D）,正常使用,餐食体验厅,"饮品：【芒果汁 * 1】,配菜：【土豆丝 * 1,花椒兔丁 * 1】,主食：【金牌龙抄手 * 1】",05:50-22:00,机场,T2航站楼,国内出发,安检后,T2E指廊150登机口,境内,CTU,成都市,四川省
成都双流国际机场,N02589,林顿利咖啡简餐(F-F-1A),正常使用,餐食体验厅,"饮品：【柠檬红茶 * 1】,配菜：【甜皮鸭 * 1,椒麻兔腿1个 * 1】,主食：【麻辣牛肉面 * 1】",05:50-22:30,机场,T2航站楼,国内出发,安检后,T2F指廊165登机口,境内,CTU,成都市,四川省
南京禄口国际机场,N02590,鸭得堡,正常使用,餐食体验厅,"饮品：【冰镇刺梨汁 * 1】,配菜：【金陵盐水鸭 * 1,蟹黄汤包 * 1,茶叶蛋 * 1】,主食：【全家福鸭血粉丝汤 * 1】",06:00-20:30,机场,T1航站楼,国内出发,安检后,131登机口对面,境内,NKG,南京市,江苏省
合肥新桥国际机场,N02623,迪欧咖啡(A14号登机口),正常使用,餐食体验厅,"饮品：【鲜榨果汁 * 1】,主食：【黑椒牛排（西冷牛排180g+蔬菜沙拉70g） * 1,（主食意面/米饭免费） * 1】",06:10-22:00,机场,主航站楼,国内出发,安检后,A14号登机口斜对面,境内,HFE,合肥市,安徽省
银川河东机场,N02480,汉堡王,正常使用,餐食体验厅,"饮品：【中美汁源橙汁 * 1,北海道风味华夫筒 * 1】,小食：【薯霸王(大) * 1,嫩香鸡块五块 * 1,王道椒香鸡腿 * 1,川蜀风情翅一对 * 1】,主食：【大嘴安格斯 * 1】",09:00-20:00,机场,T3航站楼,国内出发,安检后,16号登机口附近,境内,INC,银川市,宁夏回族自治区
昆明长水国际机场,N02636,云海肴（16号登机口店）,正常使用,餐食体验厅,"小食：【鲜花饼 * 1】,主食：【火瓢杨林酸菜鱼 * 1,松茸汽锅鸡 * 1,米饭 * 1】",08:00-20:30,机场,主航站楼,国内出发,安检后,16号登机口旁,境内,KMG,昆明市,云南省
乌鲁木齐地窝堡国际机场,N02640,德克士（T3安检后）,正常使用,餐食体验厅,"饮品：【可乐中杯 * 1】,小食：【魔法鸡块 * 1,咔滋薯霸  * 1,脆皮炸鸡腿 * 1,红豆鲷鱼烧 * 1】,主食：【椰香咖喱鸡腿饭 * 1】",6：00-航班结束,机场,T3航站楼,国内出发,安检后,T3航站楼隔离区内C区入口处,境内,URC,乌鲁木齐市,新疆维吾尔自治区
乌鲁木齐地窝堡国际机场,N02641,德克士（10号登机口）,正常使用,餐食体验厅,"饮品：【可乐中杯 * 1】,小食：【魔法鸡块 * 1,咔滋薯霸  * 1,脆皮炸鸡腿 * 1,红豆鲷鱼烧 * 1】,主食：【椰香咖喱鸡腿饭 * 1】",6：00-航班结束,机场,T2航站楼,国内出发,安检后,T2航站楼出发厅隔离区内10登机口对面,境内,URC,乌鲁木齐市,新疆维吾尔自治区
乌鲁木齐地窝堡国际机场,N02642,康师傅私房牛肉面（T3安检后）,正常使用,餐食体验厅,"饮品：【柠檬红茶/可乐 * 1】,小食：【红烧牛腹肉一份60g * 1,卤蛋 * 1,孜然烤翅一对 * 1】,配菜：【小菜任选2份(四川泡菜/蜜汁美人海藻/三彩花生) * 1】,主食：【至臻金牌牛三宝面 * 1】",6：00-航班结束,机场,T3航站楼,国内出发,安检后,T3航站楼隔离区内C区入口处,境内,URC,乌鲁木齐市,新疆维吾尔自治区
乌鲁木齐地窝堡国际机场,N02643,康师傅私房牛肉面（10号登机口）,正常使用,餐食体验厅,"饮品：【柠檬红茶/可乐 * 1】,小食：【红烧牛腹肉一份60g * 1,卤蛋 * 1,孜然烤翅一对 * 1】,配菜：【小菜任选2份(四川泡菜/蜜汁美人海藻/三彩花生) * 1】,主食：【至臻金牌牛三宝面 * 1】",6：00-航班结束,机场,T2航站楼,国内出发,安检后,10登机口对面,境内,URC,乌鲁木齐市,新疆维吾尔自治区
杭州萧山国际机场,N02678,楼外楼,正常使用,餐食体验厅,"饮品：【西瓜汁 * 1】,配菜：【口口脆笋 * 1】,主食：【酸菜鱼 * 1,米饭 * 1】",09:00-21:30,机场,T3航站楼,国内出发,安检后,CJ-2/3-B-2,境内,HGH,杭州市,浙江省
杭州萧山国际机场,N02677,舌尖尖,正常使用,餐食体验厅,"饮品：【西瓜汁/龙井茶一杯 * 1】,小食：【老杭城白切鸡 * 1,煎蛋一个 * 1,肉夹馍 * 1】,配菜：【酸辣土豆丝/麻辣海带丝 * 1】,主食：【酸菜牛肉拉面 * 1】",05:40-21:30,机场,T3航站楼,国内出发,安检后,安检内安检口正上方美食城,境内,HGH,杭州市,浙江省
杭州萧山国际机场,N02676,苏浙汇,正常使用,餐食体验厅,"饮品：【酸梅汤 * 1】,配菜：【苏浙招牌汤包 * 1,养生海带丝 * 1】,主食：【黑叉烧葱油拌面 * 1】",05:40-21:30,机场,T3航站楼,国内出发,安检后,安检内安检口正上方美食城,境内,HGH,杭州市,浙江省
桂林两江国际机场,N02189,重庆小面,正常使用,餐食体验厅,"汤品：【海带排骨汤 * 1】,饮品：【豆浆 * 1】,小食：【水果 * 1,烤肠 * 1,单份扣肉 * 1】,配菜：【凉拌小菜 * 1】,主食：【排骨米饭 * 1】",06:30-22:00,机场,T2航站楼,国内出发,安检后,进安检左手边下三楼直走50米,境内,KWL,桂林市,广西壮族自治区
北京大兴国际机场,N02772,喜粤8号,正常使用,餐食体验厅,"饮品：【喜粤青柠苏打水 * 1】,配菜：【脆炸鱼皮 * 1,秘制芥菜丝 * 1】,主食：【潮州海鲜米粉 * 1】",06:00-22:00,机场,主航站楼,国内出发,安检后,D60登机口附近,境内,PKX,北京市,北京市
襄阳刘集机场,N02698,迪欧咖啡,正常使用,餐食体验厅,"饮品：【柠檬红茶 * 1】,甜点：【提拉米苏 * 1】,配菜：【蔬菜沙拉 * 1】,主食：【西冷牛排 * 1】",07:30-22:00,机场,T2航站楼,国内出发,安检后,A区二楼手扶电梯口,境内,XFN,襄阳市,湖北省
福州长乐国际机场,N02701,阿香米线,正常使用,餐食体验厅,"饮品：【冻柠乐 * 1】,小食：【炸酥肉 * 1,阿香肉串 * 1】,主食：【酸菜肥牛米线 * 1】",06:00-21:00,机场,T1航站楼,国内出发,安检后,14号登机口附近,境内,FOC,福州市,福建省
襄阳刘集机场,N02717,湖北名小吃(安检后),正常使用,餐食体验厅,"饮品：【西湖龙井 * 1】,小食：【中果盘 * 1】,主食：【牛肉饭套餐(含牛肉、时令小炒、水果、汤、米饭、咸菜) * 1】",07:30-22:00,机场,T2航站楼,国内出发,安检后,02登机口对面,境内,XFN,襄阳市,湖北省
广州白云国际机场,N02718,美颐美,正常使用,餐食体验厅,"汤品：【椰子鸡汤 * 1】,饮品：【百香果金桔汁 * 1】,小食：【咖喱鱼丸 * 1,鲍汁酱骨架2块 * 1】,配菜：【菜心 * 1,酸辣云耳 * 1】,主食：【鲍汁排骨饭 * 1】",10:00-22:00,机场,T1航站楼,国内出发,安检后,B区221登机口旁,境内,CAN,广州市,广东省
上海浦东国际机场,N02789,妹记,正常使用,餐食体验厅,"饮品：【柠檬茶（冷） * 1】,配菜：【四川香肠 * 1,白灼时蔬 * 1】,主食：【青椒肉丝饭 * 1】",09:30-19:30,机场,S2国内卫星厅,国内出发,安检后,H190登机口边上,境内,PVG,上海市,上海市
三亚凤凰国际机场,N02823,粉仔巷,正常使用,餐食体验厅,"汤品：【盐焗鸡一份 * 1,热狗肠一根 * 1】,配菜：【酸梅汤一杯 * 1】,主食：【牛肉抱罗粉 * 1】",06:00-21:00,机场,T2航站楼,国内出发,安检后,216登机口附近,境内,SYX,三亚市,海南省
三亚凤凰国际机场,N02822,小福王·拌饭研究所,正常使用,餐食体验厅,"汤品：【盐焗鸡一份 * 1,热狗肠一根 * 1】,配菜：【酸梅汤一杯 * 1】,主食：【牛肉抱罗粉 * 1】",09:30-22:30,机场,T2航站楼,国内出发,安检后,216登机口附近,境内,SYX,三亚市,海南省
珠海金湾机场,N02795,克茗冰室（A区）,正常使用,餐食体验厅,"饮品：【小熊冻柠茶 * 1】,小食：【鱼蛋 * 1,牛筋丸 * 1,瑞士鸡中翅 * 1,菠萝油 * 1】,配菜：【白灼生菜 * 1】,主食：【黯然销魂饭 * 1,一次性餐具包 * 1】",07:00-22:00,机场,主航站楼,国内出发,安检后,A区3号登机口对面,境内,ZUH,珠海市,广东省
青岛胶东国际机场,N02820,正斗粥面专家,正常使用,餐食体验厅,"饮品：【冻柠茶 * 1】,主食：【干炒牛河 * 1,白灼时蔬 * 1】",06:00-19:00,机场,主航站楼,国内出发,安检后,42—65登机口指廊东航贵宾厅楼下,境内,TAO,青岛市,山东省
杭州萧山国际机场,N02858,Tims咖啡,正常使用,餐食体验厅,"甜点：【kis糖 * 1】,小食：【蓝莓贝果 * 1,开心果贝果 * 1,烟熏风味烤肠 * 1】,主食：【拿铁 * 1,燕麦拿铁 * 1】",07:00-22:00,机场,T3航站楼,国内出发,安检后,B24登机口斜对面,境内,HGH,杭州市,浙江省
杭州萧山国际机场,N02863,秦云老太婆摊摊面(安检后),正常使用,餐食体验厅,"饮品：【可乐/雪碧 * 1】,配菜：【海带丝 * 1,白灼青菜 * 1,麻辣牛肚 * 1,凉拌黄瓜 * 1,卤鸡腿 * 1】,主食：【摊摊牛肉面（粉）/摊摊排骨面（粉） * 1】",05:30-就近航班结束,机场,T3航站楼,国内出发,安检后,北指廊27号登机口楼上,境内,HGH,杭州市,浙江省
青岛胶东国际机场,N02868,青岛啤酒（啤酒料理）,正常使用,餐食体验厅,"饮品：【原浆啤酒1杯 * 1】,主食：【三宫格麻辣小海鲜（毛豆、辣卤蛤蜊、马步鱼） * 1,猪肉白菜水饺10只 * 1】",06:00-航班结束,机场,主航站楼,国内出发,安检后,安检后右转喷泉广场附近,境内,TAO,青岛市,山东省
南昌昌北国际机场,N02875,小六家拌面,正常使用,餐食体验厅,"饮品：【鲜榨果汁 * 1】,甜点：【提拉米苏/芒果慕斯/黑森林 * 1,美式/拿铁 * 1】,主食：【肥肠拌面/粉 * 1】",06:00-22:00,机场,T2航站楼,国内出发,安检后,207-211登机口旁,境内,KHN,南昌市,江西省
杭州萧山国际机场,N02876,老娘舅(T3安检后),正常使用,餐食体验厅,"饮品：【桂圆红枣豆浆 * 1】,配菜：【鱼香肉丝 * 1,单个狮子头 * 1,银鱼蒸蛋 * 1,西兰花 * 1】,主食：【土豆烧牛肉 * 1,米饭 * 1】",09:30-20:00,机场,T3航站楼,国内出发,安检后,过安检后上方夹层,境内,HGH,杭州市,浙江省
杭州萧山国际机场,N02877,老娘舅(32登机口旁),正常使用,餐食体验厅,"饮品：【桂圆红枣豆浆 * 1】,配菜：【鱼香肉丝 * 1,单个狮子头 * 1,银鱼蒸蛋 * 1,西兰花 * 1】,主食：【土豆烧牛肉 * 1,米饭 * 1】",09:30-20:00,机场,T3航站楼,国内出发,安检后,32登机口旁,境内,HGH,杭州市,浙江省
常州奔牛机场,N02878,老娘舅,正常使用,餐食体验厅,"饮品：【桂圆红枣豆浆 * 1】,配菜：【鱼香肉丝 * 1,单个狮子头 * 1,银鱼蒸蛋 * 1,西兰花 * 1】,主食：【土豆烧牛肉 * 1,米饭 * 1】",09:30-20:00,机场,主航站楼,国内出发,安检后,6号登机口对面,境内,CZX,常州市,江苏省
北京大兴国际机场,N02902,老舍茶馆,正常使用,餐食体验厅,"饮品：【杏仁豆腐牛乳茶 * 1】,小食：【传统酱肘花 * 1,白灼蔬菜 * 1】,主食：【大碗牛肉面 * 1】",08:00-20:00,机场,主航站楼,国内出发,安检前,五层餐饮区(东区),境内,PKX,北京市,北京市
贵阳龙洞堡国际机场,N03003,江山享味,正常使用,餐食体验厅,"饮品：【金桔柠檬 * 1】,小食：【苗家酸汤鱼 * 1,泡椒肉丝 * 1】,主食：【牛肉面 * 1】",10:00-21:00,机场,T3航站楼,国内出发,安检后,407登机对面,境内,KWE,贵阳市,贵州省
贵阳龙洞堡国际机场,N03004,龙大哥黔贵特色小吃,正常使用,餐食体验厅,"饮品：【金桔柠檬 * 1】,小食：【苗家酸汤鱼 * 1,杏鲍菇炒肉 * 1,卤鸡腿 * 1】,主食：【腊味炒饭 * 1】",10:00-21:00,机场,T3航站楼,国内出发,安检后,408登机对面,境内,KWE,贵阳市,贵州省
广州白云国际机场,N02931,味千拉面（T1A区）,正常使用,餐食体验厅,"饮品：【超大可乐 * 1】,配菜：【金针菇牛肉卷(4只) * 4,海裙菜 * 1】,主食：【经典味千拉面 * 1】",08:00-22:00,机场,T1航站楼,国内出发,安检后,A127登机口旁边,境内,CAN,广州市,广东省
广州白云国际机场,N02932,味千拉面（T1B区）,正常使用,餐食体验厅,"饮品：【超大可乐 * 1】,配菜：【金针菇牛肉卷(4只) * 4,海裙菜 * 1】,主食：【经典味千拉面 * 1】",08:00-22:00,机场,T1航站楼,国内出发,安检后,B223登机口旁边,境内,CAN,广州市,广东省
海口美兰国际机场,N02956,德克士,正常使用,餐食体验厅,"饮品：【鲜橙汁 * 1】,小食：【咔滋脆皮手枪腿 * 1,魔法鸡块(6块) * 1,脆皮炸鸡 * 1,咔滋薯霸(大) * 1】,主食：【黄金Q虾堡 * 1】",07:00-22:00,机场,T2航站楼,国内出发,安检后,东南指廊32号登机口旁,境内,HAK,海口市,海南省
青岛胶东国际机场,N02961,Tims咖啡(42-65号登机口方向中央景观区),正常使用,餐食体验厅,"饮品：【澳白 * 1,加倍榛子拿铁 * 1】,小食：【烤牛肉贝果堡 * 1,麻辣嫩牛贝果堡 * 1】",07:00-18:00,机场,主航站楼,国内出发,安检后,42-65号登机口方向中央景观区,境内,TAO,青岛市,山东省
深圳宝安国际机场,N02981,麓记热卤,正常使用,餐食体验厅,"汤品：【虫草花土鸡汤 * 1】,配菜：【卤鸡蛋 * 1,素食小吃碗 * 1】,主食：【牛肉卤粉/面 * 1,大份牛肉/牛肚 * 1】",05:00-23:00,机场,卫星厅,国内出发,安检后,三层出发大厅西指廊502号登机口旁,境内,SZX,深圳市,广东省
深圳宝安国际机场,N02982,煎饼语茶,正常使用,餐食体验厅,"饮品：【招牌百香果绿茶 * 1】,配菜：【煎鸡蛋 * 1,五花肉 * 1】,主食：【麻辣小龙虾拌面 * 1,脆皮烤鸭煎饼 * 1】",5：00-23：00（2023年7月1日起用新套餐）,机场,卫星厅,国内出发,安检后,东南指廊542登机口附近。,境内,SZX,深圳市,广东省
沈阳桃仙国际机场,N03048,敏丁拌饭馆,正常使用,餐食体验厅,"饮品：【普洱1杯 * 1】,小食：【朝鲜族拌桔梗1份 * 1,煎鸡蛋1个 * 1】,主食：【烤牛肉拌饭1份 * 1】",06:00-20:00,机场,T3航站楼,国内出发,安检后,12号登机口对面,境内,SHE,沈阳市,辽宁省
北京首都国际机场,N03073,西少爷,正常使用,餐食体验厅,"饮品：【古法熬制酸梅汤 * 1,红枣醇豆浆 * 1】,主食：【腊汁牛肉夹馍 * 1,腊汁猪肉油泼面 * 1,金牌鲜肉小馄饨(大碗) * 1,炝拌莲花白 * 1】",06:00-20:00,机场,T2航站楼,国内出发,安检后,20号登机口旁边,境内,PEK,北京市,北京市
北京首都国际机场,N03074,EGG BOMB,正常使用,餐食体验厅,"饮品：【马黛清茶 * 1】,小食：【松露土豆泥(迷你杯) * 1,纯纯玉米杯(迷你杯) * 1,脆香辣鸡块(大份) * 1,脆香香鸡块(大份) * 1,有机无菌滑蛋 * 1,蒜香酱 * 1,火腿 * 1】,主食：【早安晨之美 * 1】",06:00-20:00,机场,T3航站楼,国内出发,安检后,隔离区A3E6-7,境内,PEK,北京市,北京市
北京首都国际机场,N03075,苏面坊,正常使用,餐食体验厅,"饮品：【山茶花牛乳茶 * 1】,配菜：【普洱溏心蛋 * 1,雪菜毛豆 * 1,姜丝 * 1,苏式小笼22 * 1】,主食：【红烧狮子头面 * 1】",06:00-20:00,机场,T3航站楼,国内出发,安检后,C31登机口附近,境内,PEK,北京市,北京市
杭州萧山国际机场,N03132,愚小面,正常使用,餐食体验厅,"饮品：【酸梅汤 * 1】,小食：【爽口泡菜 * 1,妈妈小酥肉 * 1,卤香豆干 * 1,重庆蹄花 * 1,香肠 * 1】,主食：【招牌牛肉面 * 1】",05:00-21:30,机场,T3航站楼,国内出发,安检后,禁区内，安检口正上方夹层,境内,HGH,杭州市,浙江省
杭州萧山国际机场,N03133,鸭德堡,正常使用,餐食体验厅,"饮品：【酸梅汁 * 1】,配菜：【卤蛋 * 1,卤豆腐 * 1,加鸭肠 * 1,加鸭肫 * 1,泡菜1 * 1,土豆丝 * 1】,主食：【至尊鸭血粉丝汤 * 1,鲜肉小笼包 * 1】",05:00-21:30,机场,T3航站楼,国内出发,安检后,安检口对面电梯直接上来美食城，向右走50米,境内,HGH,杭州市,浙江省
南昌昌北国际机场,N03076,苗小坛酸汤鱼,正常使用,餐食体验厅,"汤品：【鸡蛋肉饼汤 * 1】,饮品：【椰汁 * 1】,小食：【口水鸡 * 1】,主食：【麻辣牛肉面 * 1】",06:00-21:00,机场,T2航站楼,国内出发,安检后,安检口旁,境内,KHN,南昌市,江西省
长沙黄花国际机场,N03088,隆港·湘味名小吃（T1安检后隔离区内）,正常使用,餐食体验厅,"汤品：【滋补乌鸡汤/虫草花老鸭汤 * 1】,甜点：【米饭1份 * 1】,小食：【糖油粑粑/臭豆腐/素凉/金丝饼 * 1】,配菜：【培根娃娃菜/鸡汁脆笋/鱼子酱虾仁蒸蛋 * 1】,主食：【小炒黄牛肉/湖南特色肉炒肉/香芋排骨/全家福 * 1】",09:00-20:00,机场,T1航站楼,国内出发,安检后,隔离区内南侧,境内,CSX,长沙市,湖南省
长沙黄花国际机场,N03089,隆港·湘味名小吃（T1安检后9号安检口）,正常使用,餐食体验厅,"汤品：【滋补乌鸡汤/虫草花老鸭汤 * 1】,甜点：【米饭1份 * 1】,小食：【糖油粑粑/臭豆腐/素凉/金丝饼 * 1】,配菜：【培根娃娃菜/鸡汁脆笋/鱼子酱虾仁蒸蛋 * 1】,主食：【小炒黄牛肉/湖南特色肉炒肉/香芋排骨/全家福 * 1】",09:00-20:00,机场,T1航站楼,国内出发,安检后,9号安检口旁,境内,CSX,长沙市,湖南省
长沙黄花国际机场,N03090,湖南名小吃,正常使用,餐食体验厅,"汤品：【滋补乌鸡汤/虫草花老鸭汤 * 1】,甜点：【米饭1份 * 1】,小食：【糖油粑粑/臭豆腐/素凉/金丝饼 * 1】,配菜：【培根娃娃菜/鸡汁脆笋/鱼子酱虾仁蒸蛋 * 1】,主食：【小炒黄牛肉/湖南特色肉炒肉/香芋排骨/全家福 * 1】",09:00-20:00,机场,T2航站楼,国内出发,安检后,安检内C岛39号登机口旁,境内,CSX,长沙市,湖南省
成都双流国际机场,N03094,重庆小面(LM-F-3A),正常使用,餐食体验厅,"饮品：【柠檬红茶 * 1】,配菜：【甜皮鸭 * 1,椒麻兔腿1个 * 1】,主食：【麻辣牛肉面 * 1】",05:50-22:30,机场,T2航站楼,国内出发,安检后,T2F指廊166登机口,境内,CTU,成都市,四川省
福州长乐国际机场,N03118,马兰拉面,正常使用,餐食体验厅,"饮品：【酸梅汤 * 1】,小食：【泡椒鱼皮 * 1,卤蛋 * 1,时令水果（大份） * 1】,主食：【红烧牛肉面（大份） * 1】",06:30-21:30,机场,T1航站楼,国内出发,安检后,安检内3号登机口和4号登机口旁,境内,FOC,福州市,福建省
福州长乐国际机场,N03119,郑森记,正常使用,餐食体验厅,"饮品：【酸梅汤 * 1】,小食：【泡椒鱼皮 * 1,卤蛋 * 1,时令水果（大份） * 1】,主食：【红烧牛肉面（大份） * 1】",06:30-21:30,机场,T1航站楼,国内出发,安检后,安检内3号登机口和4号登机口旁,境内,FOC,福州市,福建省
福州长乐国际机场,N03120,闽南猪角饭,正常使用,餐食体验厅,"饮品：【酸梅汤 * 1】,小食：【泡椒鱼皮 * 1,卤蛋 * 1,时令水果（大份） * 1】,主食：【红烧牛肉面（大份） * 1】",06:30-21:30,机场,T1航站楼,国内出发,安检后,安检内3号登机口和4号登机口旁,境内,FOC,福州市,福建省
海口美兰国际机场,N03131,胜博殿,正常使用,餐食体验厅,"汤品：【味增汤 * 1】,配菜：【高丽菜沙拉 * 1,塔塔酱 * 1,土豆沙拉 * 1,酱菜 * 1】,主食：【炸虾（3只）+米饭 * 1】",06:00-23:00,机场,T2航站楼,国内出发,安检后,西连廊，60号登机口旁,境内,HAK,海口市,海南省
贵阳龙洞堡国际机场,N03134,龙大哥黔贵特色小吃,正常使用,餐食体验厅,"饮品：【金桔柠檬 * 1】,配菜：【龙大哥辣子鸡 * 1,酸汤鱼 * 1】,主食：【牛肉面 * 1】",10:00-21:00,机场,T2航站楼,国内出发,安检后,B区201登机口对面,境内,KWE,贵阳市,贵州省
广州白云国际机场,N03161,遇见小面(T1安检内B204登机口旁),正常使用,餐食体验厅,"饮品：【酸梅汤(350ml） * 1】,小食：【酱板鸭 * 1,香酥带鱼 * 1】,配菜：【白灼小青菜  * 1,爽口海草 * 1,开胃泡菜 * 1】,主食：【超级碗(多拼浇头面) * 1】",06:00-22:00,机场,T1航站楼,国内出发,安检后,B204登机口旁，B208登机口对面,境内,CAN,广州市,广东省
广州白云国际机场,N03162,遇见小面(T2安检内275登机口),正常使用,餐食体验厅,"饮品：【酸梅汤(350ml） * 1】,小食：【酱板鸭 * 1,香酥带鱼 * 1】,配菜：【白灼小青菜  * 1,爽口海草 * 1,开胃泡菜 * 1】,主食：【超级碗(多拼浇头面) * 1】",06:00-22:00,机场,T2航站楼,国内出发,安检后,275登机口附近,境内,CAN,广州市,广东省
深圳宝安国际机场,N03164,遇见小面（T3安检内）,正常使用,餐食体验厅,"饮品：【酸梅汤(350ml） * 1】,小食：【酱板鸭 * 1,香酥带鱼 * 1】,配菜：【白灼小青菜  * 1,爽口海草 * 1,开胃泡菜 * 1】,主食：【超级碗(多拼浇头面) * 1】",06:00-22:00,机场,T3航站楼,国内出发,安检后,安检内出发厅45号登机口旁边,境内,SZX,深圳市,广东省
北京大兴国际机场,N03168,遇见小面1店,正常使用,餐食体验厅,"饮品：【酸梅汤(350ml） * 1】,小食：【酱板鸭 * 1,香酥带鱼 * 1】,配菜：【白灼小青菜  * 1,爽口海草 * 1,开胃泡菜 * 1】,主食：【超级碗(多拼浇头面) * 1】",10:00-20:00,机场,主航站楼,国内出发,安检后,国内混流区（东南指廊）S-F02-028商铺,境内,PKX,北京市,北京市
北京大兴国际机场,N03177,李先生牛肉面大王,正常使用,餐食体验厅,"饮品：【冰粒豆/手打柠檬茶 * 1】,配菜：【红油肚丝 * 1,经典土豆丝 * 1】,主食：【沸腾酸菜鱼 * 1,安格斯肥牛 * 1,米饭 * 1】",10:00-18:00,机场,主航站楼,国内出发,安检后,二层D指廊D63登机口附近,境内,PKX,北京市,北京市
海口美兰国际机场,N03185,沿江海南鸡饭,正常使用,餐食体验厅,"饮品：【冻颜密码椰子汁 * 1】,小食：【小吃 * 1】,配菜：【素菜 * 1】,主食：【黄金猪脚 * 1,鸡油饭 * 1】",10:00-23:00,机场,T2航站楼,国内出发,安检后,48-59号登机口方向（海航贵宾室楼下）,境内,HAK,海口市,海南省
海口美兰国际机场,N03186,荔银肠粉,正常使用,餐食体验厅,"汤品：【海带苗肉片汤 * 1】,小食：【广式炸云吞 * 1】,配菜：【白灼生菜 * 1】,主食：【干炒牛河 * 1】",06:30-23:00,机场,T2航站楼,国内出发,安检后,48号登机口对面,境内,HAK,海口市,海南省
成都双流国际机场,N03195,王记牛肉面（D-F-2D）,正常使用,餐食体验厅,"饮品：【杨梅汁 * 1】,配菜：【卤蛋 * 1,甜皮鸭1份 * 1,拌时蔬 * 1,兔头 * 1】,主食：【川味红烧小排面 * 1】",05:30-22:30,机场,T2航站楼,国内出发,安检后,135登机口旁,境内,CTU,成都市,四川省
北京大兴国际机场,N02395,小大董,正常使用,餐食体验厅,"汤品：【鸭汤 * 1】,主食：【酥不腻烤鸭半 * 1,烤鸭调料 * 1】",09:00-21:00,机场,主航站楼,国内出发,安检后,国内中心区,境内,PKX,北京市,北京市
长春龙嘉国际机场,N02328,真不同-吉林老字号美食,正常使用,餐食体验厅,"饮品：【鸭屎香柠茶 * 1】,主食：【溜肉段 * 1,手撕鸡 * 1,腊味饭 * 1】",06:00-21:00,机场,T2航站楼,国内出发,安检后,长春龙嘉国际机场国内安检内16号登机口对面旁,境内,CGQ,长春市,吉林省
南京禄口国际机场,N03219,鸭得堡（T2）,正常使用,餐食体验厅,"饮品：【冰镇刺梨汁 * 1】,配菜：【金陵盐水鸭 * 1,蟹黄汤包 * 1,茶叶蛋 * 1】,主食：【全家福鸭血粉丝汤 * 1】",06:00-20:30,机场,T2航站楼,国内出发,安检后,32号登机口旁边,境内,NKG,南京市,江苏省
青岛胶东国际机场,N03223,火记重庆小面,正常使用,餐食体验厅,"饮品：【可乐 * 1】,配菜：【流亭猪蹄 * 1】,主食：【海鲜小面 * 1】",5:00-航班结束,机场,主航站楼,国内出发,安检后,23号登机口附近,境内,TAO,青岛市,山东省
青岛胶东国际机场,N03224,紫悦·青岛名小吃（青岛美食街）,正常使用,餐食体验厅,"饮品：【百香果茶 * 1】,配菜：【流亭猪蹄半份 * 1】,主食：【全家福水饺 * 1】",05:30-21:30,机场,主航站楼,国内出发,安检后,23号登机口附近,境内,TAO,青岛市,山东省
青岛胶东国际机场,N03225,草包包子铺（青岛美食街）,正常使用,餐食体验厅,"饮品：【崂山绿茶 * 1】,甜点：【水果 * 1】,配菜：【流亭猪蹄半份 * 1】,主食：【胶东海鲜面 * 1】",05:30-21:30,机场,主航站楼,国内出发,安检后,"12—35登机口指廊头部,山东航空休息室楼下",境内,TAO,青岛市,山东省
青岛胶东国际机场,N03226,耿欢喜剁椒拌饭公司（青岛美食街）,正常使用,餐食体验厅,"饮品：【百香果茶 * 1】,配菜：【流亭猪蹄半份 * 1】,主食：【全家福水饺 * 1】",05:30-21:30,机场,主航站楼,国内出发,安检后,"12—35登机口指廊头部,山东航空休息室楼下",境内,TAO,青岛市,山东省
青岛胶东国际机场,N03227,桥香园（青岛美食街）,正常使用,餐食体验厅,"饮品：【崂山绿茶 * 1】,甜点：【水果 * 1】,配菜：【流亭猪蹄半份 * 1】,主食：【胶东海鲜面 * 1】",05:30-21:30,机场,主航站楼,国内出发,安检后,"12—35登机口指廊头部,山东航空休息室楼下",境内,TAO,青岛市,山东省
青岛胶东国际机场,N03228,船歌鱼水饺（青岛美食街）,正常使用,餐食体验厅,"饮品：【百香果茶 * 1】,配菜：【流亭猪蹄半份 * 1】,主食：【全家福水饺 * 1】",05:30-21:30,机场,主航站楼,国内出发,安检后,"12—35登机口指廊头部,山东航空休息室楼下",境内,TAO,青岛市,山东省
北京大兴国际机场,N03243,全聚德·聚德面舍,正常使用,餐食体验厅,"饮品：【可乐 * 1】,配菜：【砂锅包菜 * 1】,主食：【现烤烤鸭单人餐 * 1】",10:00-19:00,机场,主航站楼,国内出发,安检前,安检外五层西侧，挨着肯德基,境内,PKX,北京市,北京市
昆明长水国际机场,N03248,桥香园-云南过桥米线(10号登机口),正常使用,餐食体验厅,"饮品：【可乐 * 1】,主食：【天麻火腿鸡汤过桥米线 * 1,松露虫草花汽锅鸡 * 1】",05:30-22:00,机场,主航站楼,国内出发,安检后,10号登机口旁,境内,KMG,昆明市,云南省
南京禄口国际机场,N03250,赛百味（T1安检后）,正常使用,餐食体验厅,"饮品：【百事可乐两瓶 * 2】,小食：【烤翅一对 * 1,任意曲奇四块 * 1】,主食：【金枪鱼三明治 * 1,日式照烧鸡蛋香三明治 * 1】",06:30-21:00,机场,T1航站楼,国内出发,安检后,131登机口旁,境内,NKG,南京市,江苏省
南京禄口国际机场,N03251,赛百味（T2安检后）,正常使用,餐食体验厅,"饮品：【百事可乐两瓶 * 2】,小食：【烤翅一对 * 1,任意曲奇四块 * 1】,主食：【金枪鱼三明治 * 1,日式照烧鸡蛋香三明治 * 1】",06:00-20:00,机场,T2航站楼,国内出发,安检后,14号登机口对面,境内,NKG,南京市,江苏省
丽江三义机场,N03252,塞纳左岸,正常使用,餐食体验厅,"汤品：【例汤 * 1】,饮品：【香橙养乐多 * 1】,小食：【薯条 * 1】,主食：【牛肉煲仔饭 * 1】",6:20-航班结束,机场,主航站楼,国内出发,安检后,6号和7号登机口中间,境内,LJG,丽江市,云南省
榆林榆阳机场,N03253,兰州牛肉面馆,正常使用,餐食体验厅,"饮品：【酸梅汁 * 1】,配菜：【卤蛋 * 1,小菜 * 1,五香板鸭 * 1】,主食：【重庆小面 * 1】",06:00-22:00,机场,主航站楼,国内出发,安检后,6号登机口附近,境内,UYN,榆林市,陕西省
深圳宝安国际机场,N03272,Caffè MARYLING（T3航站楼）,正常使用,餐食体验厅,"甜点：【榛果芝士蛋糕 * 1,低卡天然谷物酸奶杯 * 1】,主食：【招牌牛肉汉堡 * 1】",06:00-22:00,机场,T3航站楼,国内出发,安检后,22号登机口附近,境内,SZX,深圳市,广东省
武汉天河国际机场,N03279,安南牛肉粉（2W2-03店）,正常使用,餐食体验厅,"饮品：【青柠苏打水 * 1】,配菜：【安南春卷三条 * 1,蚝油生菜 * 1】,主食：【河内鲜茄牛腩河粉 * 1】",07:00-21:00,机场,T3航站楼,国内出发,安检后,国内安检内A区14号登机口对面,境内,WUH,武汉市,湖北省
厦门高崎国际机场,N03280,吉祥馄饨,正常使用,餐食体验厅,"饮品：【酸梅汁 * 1】,配菜：【蛋黄烧麦（3个） * 1,裙带菜/海带丝 * 1】,主食：【台式牛肉面 * 1】",05:30-21:00,机场,T3航站楼,国内出发,安检后,5-6号登机口,境内,XMN,厦门市,福建省
北京首都国际机场,N03312,坤丝咖啡（3店）,正常使用,餐食体验厅,"饮品：【焦糖拿铁 * 1】,甜点：【巧克力慕斯蛋糕 * 1】,主食：【黑椒牛柳意面 * 1】",06:00-20:00,机场,T3航站楼,国内出发,安检后,CO3登机口,境内,PEK,北京市,北京市
南通兴东国际机场,N03318,老娘舅,正常使用,餐食体验厅,"饮品：【桂圆红枣豆浆 * 1】,配菜：【鱼香肉丝 * 1,单个狮子头 * 1,银鱼蒸蛋 * 1,西兰花 * 1】,主食：【土豆烧牛肉 * 1,米饭 * 1】",09:30-20:00,机场,主航站楼,国内出发,安检前,值机口向左50米,境内,NTG,南通市,江苏省
广州白云国际机场,N03319,遇见小面(T2过安检后往左直走约50米),正常使用,餐食体验厅,"饮品：【酸梅汤(350ml） * 1】,小食：【酱板鸭 * 1,香酥带鱼 * 1】,配菜：【白灼小青菜  * 1,爽口海草 * 1,开胃泡菜 * 1】,主食：【超级碗(多拼浇头面) * 1】",06:00-22:00,机场,T2航站楼,国内出发,安检后,过安检后往左直走约50米,境内,CAN,广州市,广东省
杭州萧山国际机场,N03323,味之藏,正常使用,餐食体验厅,"饮品：【金桔百香果 * 1】,配菜：【炸猪排 * 1,章鱼小丸子 * 1,溏心蛋 * 1】,主食：【叉烧饭套餐 * 1】",05:00-21:30,机场,T3航站楼,国内出发,安检后,14号—92号登机口二楼美食城,境内,HGH,杭州市,浙江省
杭州萧山国际机场,N03326,王元兴,正常使用,餐食体验厅,"饮品：【酸梅汁 * 1】,配菜：【小青菜 * 1】,主食：【酸菜鱼 * 1,香菇滑鸡 * 1,米饭 * 1】",05:00-21:30,机场,T4航站楼,国内出发,安检后,414－424登机口附近,境内,HGH,杭州市,浙江省
北京大兴国际机场,N03327,牛角村,正常使用,餐食体验厅,"饮品：【拿铁咖啡 * 1】,主食：【榴莲酥 * 1,芝士饼干 * 1,杏仁瓦片 * 1,雪花酥 * 1】",24小时营业,机场,主航站楼,国内出发,安检前,大兴机场公共区2层东侧,境内,PKX,北京市,北京市
北京大兴国际机场,N03328,墨西果果,正常使用,餐食体验厅,"饮品：【芒果奶昔 * 1】,小食：【蔓越莓 * 1,雪花酥 * 1,杏仁瓦片 * 1】,主食：【豆腐鸡肉谷物碗 * 1】",24小时营业,机场,主航站楼,国内出发,安检前,大兴机场公共区2层东侧,境内,PKX,北京市,北京市
杭州萧山国际机场,N03365,老娘舅（T4安检后）,正常使用,餐食体验厅,"饮品：【桂圆红枣豆浆 * 1】,配菜：【鱼香肉丝 * 1,单个狮子头 * 1,银鱼蒸蛋 * 1,西兰花 * 1】,主食：【土豆烧牛肉 * 1,米饭 * 1】",09:30-20:00,机场,T4航站楼,国内出发,安检后,安检后左侧位置，414-424登机口附近,境内,HGH,杭州市,浙江省
广州白云国际机场,N03372,Tims咖啡,正常使用,餐食体验厅,"饮品：【柑橘美式 * 1,香梨美式 * 1】,小食：【蛋香牛肉芝士可颂 * 1,牛油果鸡肉贝果堡 * 1,原味华夫 * 1,烟熏烤肠 * 1】",06:00-22:00,机场,T1航站楼,国内出发,安检后,B区，安检后右转直行约500米，深航头等舱休息室旁边,境内,CAN,广州市,广东省
广州白云国际机场,N03375,遇见小面(T1安检内B13-B18、B224-B235登机口附近),正常使用,餐食体验厅,"饮品：【酸梅汤(350ml） * 1】,小食：【酱板鸭 * 1,香酥带鱼 * 1】,配菜：【白灼小青菜  * 1,爽口海草 * 1,开胃泡菜 * 1】,主食：【超级碗(多拼浇头面) * 1】",06:00-航班结束,机场,T1航站楼,国内出发,安检后,西三指廊（B13-B18、B224-B235登机口附近）,境内,CAN,广州市,广东省
成都天府国际机场,N03387,安南小馆,正常使用,餐食体验厅,"饮品：【青柠苏打 * 1】,配菜：【蚝油生菜  * 1,卤水鸡翅 * 1】,主食：【火车头河粉 * 1】",07:00-20:30,机场,T2航站楼,国内出发,安检后,国内隔离区C指廊247号登机口,境内,TFU,成都市,四川省
深圳宝安国际机场,N03391,煎饼语茶(T3),正常使用,餐食体验厅,"饮品：【豆浆 * 1】,主食：【十三香小龙虾煎饼(加料烤鸭、鸡蛋) * 1,现切原切牛扒煎饼(加料小龙虾、鸡蛋) * 1】",06:00-22:00,机场,T3航站楼,国内出发,安检后,西指廊52号登机口附近,境内,SZX,深圳市,广东省
无锡硕放机场,N03462,裕兴记,正常使用,餐食体验厅,"汤品：【例汤 * 1】,配菜：【时蔬 * 1,卤鸡蛋 * 1,姜丝 * 1,黄金豆 * 1,凉菜 * 1】,主食：【三虾（虾脑、虾籽、虾仁） * 1,面条 * 1】",05:00-22:30,机场,T1航站楼,国内出发,安检后,9号登机口对面,境内,WUX,无锡市,江苏省
海口美兰国际机场,N03463,海南名小吃,正常使用,餐食体验厅,"汤品：【猪肚鸡汤 * 1】,小食：【香煎黄花鱼 * 1】,配菜：【西兰花/白灼娃娃菜/豆茄合炒/水蒸蛋 * 1】,主食：【白切/盐焗文昌鸡(四分之一只) * 1,米饭 * 1】",05:30-22:30,机场,T2航站楼,国内出发,安检后,东连廊33号登机口旁,境内,HAK,海口市,海南省
海口美兰国际机场,N03464,重庆小面,正常使用,餐食体验厅,"饮品：【鲜榨果汁 * 1】,配菜：【柠檬凤爪 * 1,泡藕带 * 1,卤鸡蛋 * 1】,主食：【招牌红烧牛肉面/肥肠面/排骨面 * 1】",05:30-22:30,机场,T2航站楼,国内出发,安检后,西连廊59号登机口旁,境内,HAK,海口市,海南省
广州白云国际机场,N03482,太平洋咖啡（T2国际出发，安检后）,正常使用,餐食体验厅,"饮品：【榛子拿铁 * 1,依云水 * 1】,甜点：【伯爵抹茶/朗姆栗子/LaViÑa 巴斯克/奥利奥芝士/海盐太妃芝士/熊猫王子(芝士蛋糕) * 1】,主食：【火腿芝士可颂 * 1】",24小时营业,机场,T2航站楼,国际出发,安检后,154 登机口附近,境内,CAN,广州市,广东省
青岛胶东国际机场,N03503,崂山文旅体验店,正常使用,餐食体验厅,"饮品：【崂山红茶/绿茶1壶 * 1】,小食：【小食一碟 * 1】",08:00-21:00,机场,主航站楼,国内出发,安检后,国内出发42-75号登机口方向，中央景观区后侧。,境内,TAO,青岛市,山东省
银川河东机场,N03546,南粉北面,正常使用,餐食体验厅,"饮品：【八宝茶 * 1】,配菜：【米椒木耳 * 1,5元餐品 * 1】,主食：【牛肉捞面（含小菜+卤蛋） * 1】",06:00-区域航班结束,机场,T3航站楼,国内出发,安检后,8登机口对面,境内,INC,银川市,宁夏回族自治区
银川河东机场,N03547,金味德兰州拉面·西北名小吃,正常使用,餐食体验厅,"汤品：【乌鸡瓦罐汤 * 1】,配菜：【米椒木耳 * 1】,主食：【扬州炒饭 * 1,土豆烧排骨 * 1,凉拌手撕鸡 * 1】",06:00-区域航班结束,机场,T3航站楼,国内出发,安检后,15号登机口对面,境内,INC,银川市,宁夏回族自治区
昆明长水国际机场,N03564,半岛名轩,正常使用,餐食体验厅,"汤品：【海带排骨汤 * 1】,配菜：【蒜香小木耳 * 1】,主食：【烧鸭拼叉烧饭 * 1】",09:30-20:30,机场,主航站楼,国内出发,安检后,15号登机口旁,境内,KMG,昆明市,云南省
深圳宝安国际机场,N03577,半岛名轩,正常使用,餐食体验厅,"饮品：【柠檬红茶 * 1】,配菜：【四喜组合 * 1】,主食：【红烧牛腩面 * 1,四合一餐具包 * 1】",06:00-22:00,机场,T3航站楼,国内出发,安检后,27号登机口附近，南航明珠休息室旁,境内,SZX,深圳市,广东省
深圳宝安国际机场,N03594,味之藏,正常使用,餐食体验厅,"饮品：【杨梅汁  * 1】,小食：【和风大福4粒 * 1,炸猪排 * 1,海藻丝 * 1,煎饺5个 * 1】,主食：【火山拉面中辣（+泡菜+牛肉丸） * 1】",06:00-22:00,机场,T3航站楼,国内出发,安检后,39号登机口附近,境内,SZX,深圳市,广东省
昆明长水国际机场,N03595,桥香园-云南过桥米线(55号登机口),正常使用,餐食体验厅,"饮品：【金桔柠檬汁 * 1】,小食：【牛肉饼 * 1】,主食：【金汤火腿过桥 * 1】",05:30-22:00,机场,主航站楼,国内出发,安检后,西Y指廊55号登机口旁边,境内,KMG,昆明市,云南省
大连周水子国际机场,N03607,味之藏,正常使用,餐食体验厅,"饮品：【酸梅汁 * 1】,小食：【炸鳕鱼 * 1,风味红肠 * 1】,主食：【叉烧饭组合 * 1】",06:00-21:00,机场,T1航站楼,国内出发,安检后,17号登机口对面,境内,DLC,大连市,辽宁省
北京大兴国际机场,N03608,霸蛮湖南米粉,正常使用,餐食体验厅,"饮品：【可乐 * 1】,小食：【伴手礼（盒装霸蛮招牌牛肉粉+盒装臭豆腐螺蛳粉2盒+盒装霸蛮猪油拌粉） * 4】,配菜：【霸蛮大香肠 * 1,现炸小酥肉 * 1】,主食：【霸蛮招牌常德牛肉粉 * 1】",待定,机场,主航站楼,国内出发,安检后,二层A指廊A11登机口对面,境内,PKX,北京市,北京市
天津滨海国际机场,N03646,鹿港小镇（CYT2-14店）,正常使用,餐食体验厅,"配菜：【白灼时蔬 * 1】,主食：【酸菜鱼 * 1,米饭 * 1】",09:30-21:00,机场,T2航站楼,国内出发,安检后,隔离区207登机口旁,境内,TSN,天津市,天津市
南昌昌北国际机场,N03647,南翔小笼,正常使用,餐食体验厅,"饮品：【椰子鸡汤 * 1】,配菜：【烧鸭 * 1,白灼上海青 * 1】,主食：【牛肉拌面/拌粉 * 1】",06:00-22:30,机场,T2航站楼,国内出发,安检后,203-206，213-214登机口附近,境内,KHN,南昌市,江西省
武汉天河国际机场,N03648,克茗冰室,正常使用,餐食体验厅,"饮品：【招牌冻柠茶 * 1】,小食：【泥石流爆奶华 * 1】,配菜：【白灼生菜 * 1,泰式炒虾条 * 1】,主食：【黯然销魂饭 * 1】",10:00-21:00,机场,T3航站楼,国内出发,安检后,24登机口旁边,境内,WUH,武汉市,湖北省
广州白云国际机场,N03673,苏浙汇,正常使用,餐食体验厅,"汤品：【凉瓜排骨汤 * 1】,配菜：【爽口海带丝 * 1】,主食：【红烧狮子头 * 1,米饭 * 1】",07:00-22:00,机场,T2航站楼,国际出发,安检后,国际出发厅A154登机口,境内,CAN,广州市,广东省
北京大兴国际机场,N03679,遇见小面2店,正常使用,餐食体验厅,"饮品：【酸梅汤(350ml） * 1】,小食：【酱板鸭 * 1,香酥带鱼 * 1】,配菜：【白灼小青菜  * 1,爽口海草 * 1,开胃泡菜 * 1】,主食：【超级碗(多拼浇头面) * 1】",06:00-22:00,机场,主航站楼,国内出发,安检后,A指廊，A11登机口附近,境内,PKX,北京市,北京市
上海浦东国际机场,N03711,全牛匠,正常使用,餐食体验厅,"饮品：【可乐 * 1】,主食：【牛匠老坛酸菜鱼 * 1,跷脚牛肉 * 1,香米饭 * 1】",09:00-20:00,机场,S1国内卫星厅,国内出发,安检后,H119登机口附近,境内,PVG,上海市,上海市
泉州晋江国际机场,N03743,真功夫,正常使用,餐食体验厅,"汤品：【花旗参乌鸡汤 * 1】,饮品：【金杏蜜桃汁 * 1】,配菜：【西蓝花 * 1,香滑蒸蛋 * 1,咖喱鱼丸 * 1】,主食：【黑椒牛牛饭 * 1,冬菇鸡腿肉菜 * 1】",09:00-22:00,机场,主航站楼,国内出发,安检前,1楼出发层2号门附近,境内,JJN,泉州市,福建省
厦门高崎国际机场,N03744,真功夫,正常使用,餐食体验厅,"汤品：【花旗参乌鸡汤 * 1】,饮品：【金杏蜜桃汁 * 1】,配菜：【西蓝花 * 1,香滑蒸蛋 * 1,咖喱鱼丸 * 1】,主食：【黑椒牛牛饭 * 1,冬菇鸡腿肉菜 * 1】",09:00-22:00,机场,T3航站楼,国内到达,到达区,1楼到达层西侧,境内,XMN,厦门市,福建省
重庆江北国际机场,N03747,太平洋咖啡,正常使用,餐食体验厅,"汤品：【提拉米苏 * 1】,饮品：【燕麦拿铁/澳绵白超大杯 * 1】,主食：【黑椒牛肉轻蔬拌饭 * 1,牛人凯撒沙拉 * 1】",06:00-22:00,机场,T3航站楼,国内出发,安检后,F区F07登机口旁,境内,CKG,重庆市,重庆市
广州白云国际机场,N03762,老广记（B8101店）,正常使用,餐食体验厅,"配菜：【紫金凤爪 * 1,烧麦 * 1,清汤手打牛肉丸（5个） * 1】,主食：【红烧牛腩面 * 1】",07:00-21:30,机场,T1航站楼,国内出发,安检后,B213登机口对面,境内,CAN,广州市,广东省
青岛胶东国际机场,N04018,设计书台湾牛肉面,正常使用,餐食体验厅,"饮品：【纯生联名款2瓶 * 2】,主食：【风味牛肉拉面1碗（含小菜拼盘1碟） * 1】",08:00-航班结束,机场,主航站楼,国际出发,安检后,83号登机口旁,境内,TAO,青岛市,山东省
青岛胶东国际机场,N04020,船歌鱼水饺机场概念店,正常使用,餐食体验厅,"配菜：【脆腌萝卜1份 * 1】,主食：【至尊海鲜全家福水饺20个（鲅鱼、墨鱼、黄花鱼、虾仁、芹菜猪肉各4只） * 1】",09:00-21:30,机场,主航站楼,国内出发,安检前,出发大厅5楼,境内,TAO,青岛市,山东省
福州长乐国际机场,N04046,康师傅私房牛肉面,正常使用,餐食体验厅,"饮品：【2杯可乐 * 2】,主食：【至臻金牌红烧牛肉面 * 1,至臻金牌牛三宝面 * 1】",06:30-20:30,机场,主航站楼,国内出发,安检后,3楼，9号登机口附近,境内,FOC,福州市,福建省
贵阳龙洞堡国际机场,N04092,苏浙汇,正常使用,餐食体验厅,"汤品：【松茸炖鸡汤 * 1】,配菜：【白灼时蔬 * 1,爽口土豆丝 * 1,小菜 * 1】,主食：【红烧狮子头 * 1,米饭 * 1】",10:00-21:00,机场,T3航站楼,国内出发,安检后,416L登机口附近,境内,KWE,贵阳市,贵州省
广州白云国际机场,N04093,太二-老坛子酸菜鱼,正常使用,餐食体验厅,"小食：【小酥肉 * 1】,主食：【酸菜鱼（1人份） * 1,麻婆豆腐 * 1,两个米饭 * 1】",10:30-22:00,机场,T2航站楼,国内出发,安检后,过安检后左转直行50米附近(三楼美食区),境内,CAN,广州市,广东省
杭州萧山国际机场,N04095,重庆小面,正常使用,餐食体验厅,"饮品：【罐装饮料1罐 * 1】,配菜：【卤蛋1个 * 1,盐焗鸡1份 * 1】,主食：【肥肠面1碗 * 1】",06:00-22:00,机场,T4航站楼,国内出发,安检后,412登机口旁,境内,HGH,杭州市,浙江省
银川河东机场,N04101,重庆小面,正常使用,餐食体验厅,"饮品：【八宝茶 * 1】,配菜：【卤鸡腿 * 1,鸡蛋 * 1,麻辣羊骨 * 1】,主食：【排骨面 * 1】",06:00-21:30,机场,T3航站楼,国内出发,安检后,进安检左手上夹层11号登机口正对面,境内,INC,银川市,宁夏回族自治区
银川河东机场,N04102,宁夏小吃,正常使用,餐食体验厅,"汤品：【羊杂汤 * 1】,饮品：【六个核桃1听 * 1】,配菜：【麻辣豆腐 * 1】,主食：【手抓羊肉 * 1,米饭 * 1】",06:00-21:30,机场,T3航站楼,国内出发,安检后,进安检左手上夹层11号登机口正对面,境内,INC,银川市,宁夏回族自治区
昆明长水国际机场,N04107,桥香园-云南过桥米线,正常使用,餐食体验厅,"饮品：【可乐 * 1】,主食：【天麻火腿鸡汤过桥米线 * 1,松露虫草花汽锅鸡 * 1】",05:30-22:00,机场,卫星厅,国内出发,安检后,336号登机口附近,境内,KMG,昆明市,云南省
昆明长水国际机场,N04108,德云春云南小吃店,正常使用,餐食体验厅,"饮品：【豆浆 * 1】,配菜：【清炒时蔬 * 1,卤蛋 * 1】,主食：【酸菜鱼 * 1,虫草花汽锅鸡 * 1,铜锅洋芋饭 * 1】",05:30-22:00,机场,卫星厅,国内出发,安检后,336号登机口附近,境内,KMG,昆明市,云南省
广州白云国际机场,N04109,蒙自源,正常使用,餐食体验厅,"配菜：【煎蛋 * 1】,主食：【极品珍菌过桥米线 * 1】",05:50-22:00,机场,T1航站楼,国内出发,安检后,过安检后右转直行150米左右美食广场B8005-2号门店,境内,CAN,广州市,广东省
广州白云国际机场,N04111,惠如楼（T2国际出发，安检后）,正常使用,餐食体验厅,"配菜：【白灼菜心 * 1】,主食：【如意白切鸡 * 1,白米饭 * 1】",05:30-23:30,机场,T2航站楼,国际出发,安检后,154 登机口附近,境内,CAN,广州市,广东省
北京大兴国际机场,N04157,苏面坊,正常使用,餐食体验厅,"饮品：【山茶花牛乳茶 * 1】,配菜：【雪菜毛豆 * 1,青菜2份 * 1,苏式小笼 * 1,普洱溏心蛋 * 1】,主食：【秘汁大排面 * 1】",06:00-22:00,机场,主航站楼,国内出发,安检后,D60登机口附近,境内,PKX,北京市,北京市
成都双流国际机场,N04185,王记肥肠粉,正常使用,餐食体验厅,"饮品：【杨梅汁 * 1】,配菜：【万春猪蹄 * 1,肥肠豆汤 * 1,加臊子（卤肥肠） * 1,锅盔 * 1,卤蛋 * 1】,主食：【麻辣肥肠粉 * 1】",08:30-00:00,机场,T2航站楼,国内到达,到达区,T2到达厅4号门出口A内,境内,CTU,成都市,四川省
青岛胶东国际机场,N04189,十八梯邓凳面,正常使用,餐食体验厅,"饮品：【杨枝甘露 * 1】,配菜：【牛肉 * 1,肥肠 * 1,开胃小菜 * 1】,主食：【原汤牛筋面 * 1】",06:30-21:00,机场,主航站楼,国内出发,安检后,隔离区6登机口对面,境内,TAO,青岛市,山东省
南宁吴圩国际机场,N04199,真功夫,正常使用,餐食体验厅,"配菜：【鱼香茄子1 * 1,香滑蒸蛋 * 1,咖喱鱼丸 * 1】,主食：【酸菜卤肉饭套餐（含四季猪骨汤+生菜王+外婆菜） * 1】",10点后,机场,T2航站楼,国内出发,安检后,右侧靠近9-12号登机口,境内,NNG,南宁市,广西壮族自治区
兰州中川机场,N04200,贯贯吉,正常使用,餐食体验厅,"饮品：【酸奶(三炮台/牛奶/鸡蛋醪糟） * 1】,配菜：【时令小凉菜拼盘 * 1,卤蛋 * 1,熟牛肉一份 * 1,银耳羹 * 1】,主食：【精品咖喱牛肉盖浇饭/番茄牛腩盖浇饭 * 1】",10:00-19:00,机场,T2航站楼,国内出发,安检后,隔离区内108登机口对面,境内,LHW,兰州市,甘肃省
广州白云国际机场,N04206,张拉拉手撕牛肉拉面（B区B221登机口旁）,正常使用,餐食体验厅,"配菜：【兰州浇汁牛肉(小) * 1,肉夹馍 * 1,爽口萝卜 * 1,卤蛋 * 1】,主食：【招牌手撕牛肉面 * 1】",06:30-21:00,机场,T1航站楼,国内出发,安检后,B区B221登机口旁,境内,CAN,广州市,广东省
深圳宝安国际机场,N04209,金戈戈 · 香港豉油鸡,正常使用,餐食体验厅,"汤品：【虫草花炖土鸡汤 * 1】,主食：【豉油鸡例牌 * 1,金奖米饭 * 1】",06:00-21:30,机场,卫星厅,国内出发,安检后,521登机口附近,境内,SZX,深圳市,广东省
深圳宝安国际机场,N04216,大弗兰湖南粉面小吃（3C-04-01店）,正常使用,餐食体验厅,"饮品：【杨枝甘露 * 1】,配菜：【三角干子 * 1,桂花糖沺粑粑 * 1,梅菜扣肉 * 1,现炸小酥肉 * 1,一次性餐具包  * 1】,主食：【酸菜牛肉粉 * 1】",06:30-21:00,机场,T3航站楼,国内出发,安检后,39号登机口附近,境内,SZX,深圳市,广东省
广州白云国际机场,N04226,UCC COFFEE SHOP,正常使用,餐食体验厅,"饮品：【可口可乐/健怡可乐 * 1】,小食：【炸薯条 * 1】,主食：【鸡蛋色拉三明治 * 1】",06:00-22:00,机场,T1航站楼,国内出发,安检后,A区，A133登机口旁,境内,CAN,广州市,广东省
大连周水子国际机场,N04247,德克士,正常使用,餐食体验厅,"饮品：【经典青柠饮 * 1】,小食：【咔滋薯霸 * 1】,主食：【一桶都是啃骨鸡 * 1,双层铁板嫩煎鸡腿堡 * 1】",06:30-20:30,机场,T3航站楼,国内出发,安检前,出发大厅14号门对面,境内,DLC,大连市,辽宁省
南京禄口国际机场,N04250,陇兴楼手工牛肉面,正常使用,餐食体验厅,"饮品：【冰镇杨梅汁 * 1】,小食：【金陵盐水鸭 * 1,香拌牛肉 * 1】,主食：【传统牛肉拉面 * 1】",06:30-20:00,机场,T1航站楼,国内出发,安检后,隔离区111登机口旁边,境内,NKG,南京市,江苏省
珠海金湾机场,N04255,东方饺子王,正常使用,餐食体验厅,"饮品：【乌梅山楂 * 1】,小食：【口水鸡 * 1,麻酱拉皮 * 1】,主食：【牛肉面 * 1】",07:00-23:00,机场,主航站楼,国内出发,安检后,A区，A02号登机口旁,境内,ZUH,珠海市,广东省
成都天府国际机场,N04256,大鼓米线（安检后）,正常使用,餐食体验厅,"饮品：【光明酸奶1盒 * 1】,配菜：【黑猪回锅肉 * 1】,主食：【酸菜鱼米线 * 1】",05:30-22:30,机场,T2航站楼,国内出发,安检后,L3层寻香里,境内,TFU,成都市,四川省
成都天府国际机场,N04257,一把骨·川菜小馆,正常使用,餐食体验厅,"小食：【冰杨梅1盒 * 1】,主食：【黑猪回锅肉 * 1,红烧牛肉面 * 1】",10:00-22:30,机场,T2航站楼,国内出发,安检后,L3层寻香里,境内,TFU,成都市,四川省
成都天府国际机场,N04258,袁记云饺,正常使用,餐食体验厅,"饮品：【冰杨梅1盒 * 1】,配菜：【精品毛血旺 * 1】,主食：【蟹黄鲜肉饺 * 1】",05:30-22:30,机场,T2航站楼,国内出发,安检后,L3层寻香里,境内,TFU,成都市,四川省
成都天府国际机场,N04259,和番丼饭,正常使用,餐食体验厅,"饮品：【暴打柠檬茶 * 1】,配菜：【香酥鸡块 * 1,咸烧白 * 1,黄金猪排 * 1】,主食：【香辣牛肉和风猪软骨双拼饭 * 1】",05:30-22:30,机场,T1航站楼,国际出发,安检后,四楼进安检后往左手边餐饮区,境内,TFU,成都市,四川省
宁波栎社国际机场,N04260,宽窄巷（2A09S店）,正常使用,餐食体验厅,"饮品：【羿宫坊鲜椰汁400ml * 1】,主食：【川味毛血旺 * 1,香干回锅肉 * 1,米饭 * 1】",06:00-21:00,机场,T1航站楼,国内出发,安检后,107-108登机口中间,境内,NGB,宁波市,浙江省
惠州平潭机场,N04266,金味德牛肉拉面,正常使用,餐食体验厅,"饮品：【美式咖啡 * 1】,小食：【裙带菜 * 1,卤蛋 * 1,农家小炒肉(可替换任意一款小碗菜) * 1】,主食：【金味德牛肉面/粉 * 1】",05:30-航班结束,机场,T2航站楼,国内出发,安检后,2号登机口对面,境内,HUZ,惠州市,广东省
珠海金湾机场,N04267,康师傅私房牛肉面,正常使用,餐食体验厅,"饮品：【可乐/七喜/酸梅汤 * 1】,小食：【炙烤照烧鸡排 * 1】,配菜：【益气养生秋耳 * 1】,主食：【大大红烧牛腩面 * 1】",06:00-22:30,机场,主航站楼,国内出发,安检前,二楼出发层A区安检楼旁边,境内,ZUH,珠海市,广东省
惠州平潭机场,N04273,书亦烧仙草,正常使用,餐食体验厅,"饮品：【美式咖啡 * 1】,小食：【裙带菜 * 1,卤蛋 * 1,农家小炒肉(可替换任意一款小碗菜) * 1】,主食：【金味德牛肉面/粉 * 1】",05:30-航班结束,机场,T2航站楼,国内出发,安检后,2号登机口对面,境内,HUZ,惠州市,广东省
青岛胶东国际机场,N04300,紫悦青岛名小吃,正常使用,餐食体验厅,"饮品：【崂山绿茶一杯 * 1】,小食：【猪蹄拼盘 * 1】,主食：【海鲜面 * 1】",05:00-21:00,机场,主航站楼,国内出发,安检后,DE指窝42-75登机口方向,境内,TAO,青岛市,山东省
青岛胶东国际机场,N04301,一船小鲜,正常使用,餐食体验厅,"小食：【轰炸大肉肠 * 1,捞汁小鲍鱼 * 1,凉拌爽口黄瓜 * 1】,主食：【全家福水饺 * 1】",06:00-21:00,机场,主航站楼,国内出发,安检后,12-29号登机口方向,境内,TAO,青岛市,山东省
深圳宝安国际机场,N04305,克茗冰室,正常使用,餐食体验厅,"饮品：【小熊柠檬茶 * 1】,小食：【小吃拼盘 * 1,泰式炸虾条 * 1】,配菜：【白灼西生菜 * 1】,主食：【咖喱牛腩饭 * 1,餐具包 * 1】",06:00-21:00,机场,卫星厅,国内出发,安检后,502登机口对面,境内,SZX,深圳市,广东省
武汉天河国际机场,N04353,迪欧咖啡&手工拉面（4I-16店）,正常使用,餐食体验厅,"饮品：【拿铁咖啡 * 1】,小食：【酸豆角 * 1,肉夹馍 * 1,炸蛋 * 1】,主食：【红烧牛肉面 * 1】",10:00-21:00,机场,T3航站楼,国际出发,安检后,333号登机口正对面,境内,WUH,武汉市,湖北省
连云港花果山机场,N04354,吉祥馄饨,正常使用,餐食体验厅,"饮品：【满杯橙子王 * 1】,配菜：【口水鸡 * 1,卤鸭腿 * 1】,主食：【虾仁馄饨套餐(配木耳、馓子、鸡蛋) * 1】",07:00-22:00,机场,主航站楼,国内出发,安检后,6号登机口附近,境内,LYG,连云港市,江苏省
郴州北湖机场,N04355,舜华鸭蛋面,正常使用,餐食体验厅,"汤品：【老鸭汤 * 1】,小食：【鸭腿 * 1】,主食：【鲍鱼海参捞饭 * 1】",07:00-22:00,机场,主航站楼,国内出发,安检后,2层候机厅,境内,HCZ,郴州市,湖南省
南宁吴圩国际机场,N04358,德克士(44号登机口),正常使用,餐食体验厅,"饮品：【百事可乐（中杯） * 1】,小食：【咔滋薯霸 * 1,绵绵红豆鲷鱼烧 * 1】,主食：【一桶都是辣翅 * 1】",06:30-本区域航班结束,机场,T2航站楼,国内出发,安检后,国内44号登机口附近,境内,NNG,南宁市,广西壮族自治区
南宁吴圩国际机场,N04357,德克士(15号登机口),正常使用,餐食体验厅,"饮品：【百事可乐（中杯） * 1】,小食：【咔滋薯霸 * 1,绵绵红豆鲷鱼烧 * 1】,主食：【一桶都是辣翅 * 1】",06:30-本区域航班结束,机场,T2航站楼,国内出发,安检后,15号登机口附近,境内,NNG,南宁市,广西壮族自治区
福州长乐国际机场,N04364,厨房·排骨饭,正常使用,餐食体验厅,"主食：【土豆牛肉饭套餐(配鱼丸汤、开胃菜) * 1,鱼丸汤粉套餐(配肉夹馍、开胃菜) * 1】",10:00-20:00,机场,主航站楼,国内出发,安检后,7号登机口附近,境内,FOC,福州市,福建省
广州白云国际机场,N04366,天祈楼兰州拉面,正常使用,餐食体验厅,"饮品：【可乐/雪碧/芬达 * 1】,配菜：【小菜 * 1,鸡蛋 * 1,水果沙拉 * 1,肉夹馍 * 1】,主食：【麻辣牛肉拉面 * 1】",06:00-23:30,机场,T2航站楼,国际出发,安检后,靠近152登机口,境内,CAN,广州市,广东省
广州白云国际机场,N04367,西少爷,正常使用,餐食体验厅,"饮品：【杏皮茶 * 1】,小食：【豉油菜心 * 1,腊汁牛肉夹馍(标准) * 1】,主食：【羊肉汤(含粉丝) * 1,清汤虾仁馄饨 * 1】",06:00-00:00,机场,T2航站楼,国际出发,安检后,靠近145登机口,境内,CAN,广州市,广东省
宁波栎社国际机场,N04371,华夫班特,正常使用,餐食体验厅,"甜点：【水果盘 * 1】,小食：【梅子肉 * 1,白灼时蔬 * 1,烤肠 * 1】,主食：【红烧牛腩面套餐(含面、茶叶蛋，小菜，饮料) * 1】",05:00-22:00,机场,T1航站楼,国内出发,安检后,103登机口,境内,NGB,宁波市,浙江省
三亚凤凰国际机场,N04373,红橙子|成都小吃,正常使用,餐食体验厅,"饮品：【酸梅汤 * 1】,配菜：【小鸡腿 * 1,土豆丝 * 1】,主食：【成都经典担担面 * 1】",05:30-23:00,机场,T1航站楼,国内出发,安检后,105登机口旁,境内,SYX,三亚市,海南省
揭阳潮汕国际机场,N04416,隆隆烧猪脚饭,正常使用,餐食体验厅,"汤品：【虫草花乌鸡汤 * 1】,配菜：【白灼生菜 * 1,卤豆腐 * 1】,主食：【卤鹅饭(含主食、米饭、青菜、例汤) * 1】",05:30-22:00,机场,主航站楼,国内出发,安检后,98号登机口对面,境内,SWA,揭阳市,广东省
揭阳潮汕国际机场,N04417,天祈楼,正常使用,餐食体验厅,"饮品：【沙棘汁 * 1】,小食：【凉拌土豆丝 * 1,爽口牛肉 * 1】,主食：【特色红烧牛肉面 * 1】",05:30-22:00,机场,主航站楼,国内出发,安检后,安检进门左手边第二家,境内,SWA,揭阳市,广东省
揭阳潮汕国际机场,N04418,潮汕名小吃,正常使用,餐食体验厅,"饮品：【柠檬可乐 * 1】,小食：【白灼生菜 * 1,草粿 * 1,金钱肚 * 1】,主食：【牛肉牛肉丸粿条 * 1】",05:30-22:00,机场,主航站楼,国内出发,安检后,安检进门,境内,SWA,揭阳市,广东省
武汉天河国际机场,N04440,克茗冰室（2EC-19店）,正常使用,餐食体验厅,"饮品：【招牌冻柠茶 * 1】,小食：【泥石流爆奶华 * 1】,配菜：【白灼生菜 * 1,泰式炒虾条 * 1】,主食：【黯然销魂饭 * 1】",10:00-21:00,机场,T3航站楼,国内出发,安检后,B区下安检口扶梯后右手边美食商业区,境内,WUH,武汉市,湖北省
济南遥墙国际机场,N04475,舌尖尖,正常使用,餐食体验厅,"饮品：【鲜榨果汁 * 1】,小食：【肉夹馍 * 1,口水鸡 * 1】,主食：【红烧牛肉面 * 1】",05:30-21:30,机场,主航站楼,国内出发,安检后,南指廊1号登机口,境内,TNA,济南市,山东省
济南遥墙国际机场,N04476,味一楼,正常使用,餐食体验厅,"汤品：【紫菜汤 * 1】,主食：【鸡公煲 * 1,红烧肉 * 1,清炒娃娃菜 * 1,白米饭 * 1】",10:00-21:30,机场,主航站楼,国内出发,安检后,南指廊1号登机口,境内,TNA,济南市,山东省
北京大兴国际机场,N04501,棒约翰,正常使用,餐食体验厅,"饮品：【拿铁 * 1】,小食：【黄金鸡块 * 1】,主食：【标准超级棒约翰 * 1】",06:00-22:00,机场,主航站楼,国内出发,安检后,2层D60登机口,境内,PKX,北京市,北京市
连云港花果山机场,N04502,迪欧咖啡,正常使用,餐食体验厅,"饮品：【满杯橙子王 * 1】,小食：【口水鸡 * 1,卤鸭腿 * 1】,主食：【虾仁馄饨套餐(配木耳、馓子、鸡蛋) * 1】",07:00-22:00,机场,主航站楼,国内出发,安检后,3-4号登机口附近,境内,LYG,连云港市,江苏省
济南遥墙国际机场,N04503,德克士（1号登机口）,正常使用,餐食体验厅,"饮品：【百事可乐中杯 * 1,香草冰淇淋 * 1】,主食：【一桶都是辣翅 * 1】",06:00-22:00,机场,主航站楼,国内出发,安检后,南指廊2楼1号登机口,境内,TNA,济南市,山东省
济南遥墙国际机场,N04504,德克士（17号登机口）,正常使用,餐食体验厅,"饮品：【百事可乐中杯 * 1,香草冰淇淋 * 1】,主食：【一桶都是辣翅 * 1】",06:00-22:00,机场,主航站楼,国内出发,安检后,主楼17号登机口对面,境内,TNA,济南市,山东省
广州白云国际机场,N04508,陈香贵兰州牛肉面,正常使用,餐食体验厅,"饮品：【杏皮茶 * 1】,小食：【竹签羊肉串 * 1,凉菜三拼 * 1,茶叶蛋 * 1,肉夹馍 * 1】,主食：【酸菜红烧牛腩面 * 1】",05:30-23:00,机场,T2航站楼,国内出发,安检后,B251登机口附近,境内,CAN,广州市,广东省
广州白云国际机场,N04509,鱼你在一起酸菜鱼,正常使用,餐食体验厅,"小食：【销魂牛肉串 * 1,五花肉串 * 1,劲爆藤椒鸡米花 * 1,锅巴土豆 * 1,红糖糍粑 * 1,小酥肉 * 1】,配菜：【山楂乌梅饮 * 1】,主食：【香辣肥肠鱼 * 1,米饭 * 1】",05:30-23:00,机场,T2航站楼,国内出发,安检后,B251登机口附近,境内,CAN,广州市,广东省
深圳宝安国际机场,N04510,马有布,正常使用,餐食体验厅,"饮品：【杨梅汁 * 1】,小食：【五香牛肉 * 1,凉拌木耳 * 1,肉夹馍 * 1】,主食：【清汤兰州牛肉面 * 1】",06:00-22:00,机场,T3航站楼,国内出发,安检后,51号口斜对面,境内,SZX,深圳市,广东省
广州白云国际机场,N04511,世家兰铎（SEGAFREDO cafe）,正常使用,餐食体验厅,"饮品：【美式咖啡 * 1】,主食：【萝卜牛腩米饭 * 1,麻辣海带丝 * 1】",最早航班-最晚航班,机场,T1航站楼,国际出发,安检后,东一指廊A104登机口,境内,CAN,广州市,广东省
广州白云国际机场,N04512,张拉拉手工牛肉拉面,正常使用,餐食体验厅,"甜点：【杏皮茶 * 1】,小食：【兰州浇汁牛肉(小) * 1,黄金炸蛋 * 1】,主食：【大片牛腱子面 * 1】",06:30-21:30,机场,T1航站楼,国际出发,安检后,东一指廊A104登机口,境内,CAN,广州市,广东省
厦门高崎国际机场,N04538,途食汇（80号登机口）,正常使用,餐食体验厅,"汤品：【炖盅 * 1】,配菜：【白灼时蔬 * 1,时令水果（大份） * 1】,主食：【红烧排骨（大份） * 1,米饭 * 1】",10:00-22:00,机场,T4航站楼,国内出发,安检后,远机位80号登机口旁,境内,XMN,厦门市,福建省
厦门高崎国际机场,N04539,闽南猪脚饭（80号登机口）,正常使用,餐食体验厅,"汤品：【炖盅 * 1】,配菜：【白灼时蔬 * 1,时令水果（大份） * 1】,主食：【红烧排骨（大份） * 1,米饭 * 1】",10:00-22:00,机场,T4航站楼,国内出发,安检后,远机位80号登机口旁,境内,XMN,厦门市,福建省
成都双流国际机场,N04548,十八梯邓凳面（G-F-1D店）,正常使用,餐食体验厅,"饮品：【鲜榨椰汁 * 1】,小食：【加牛筋 * 1,鸡腿 * 1,素菜 * 1,汤圆 * 1】,主食：【豪气三合面 * 1】",07:00-21:00,机场,T2航站楼,国内出发,安检后,173登机口对面,境内,CTU,成都市,四川省
北京首都国际机场,N04551,小北饵块,正常使用,餐食体验厅,"饮品：【有点爱蜜桃乌龙茶 * 1】,小食：【小西门炸酥肉 * 1,鸡肉丸串 * 1,卤蛋 * 1,炸金黄酥蛋 * 1】,主食：【顺城街大酥牛肉米饭 * 1】",10:00-21:30,机场,T2航站楼,国内出发,安检后,主通道麦当劳与MCM店中间,境内,PEK,北京市,北京市
北京首都国际机场,N04584,肥汁米蘭,正常使用,餐食体验厅,"饮品：【冻柠茶 * 1】,小食：【金针菇3份 * 3,萝卜3份 * 3,炸腐皮卷 * 1,黑木耳 * 1,鱼丸 * 1,午餐肉 * 1】,主食：【黄金炸鱼鱼汁小锅米线 * 1】",06:00-21:00,机场,T2航站楼,国内出发,安检后,36号登机口对面,境内,PEK,北京市,北京市
银川河东机场,N04588,老木瓜,正常使用,餐食体验厅,"饮品：【八宝茶 * 1】,小食：【辣卤豆干海带结300克 * null,盐池胡辣羊蹄1个 * 1,时令水果 * 1】,主食：【招牌羊肉搓面 * 1】",07:00-20:00,机场,T3航站楼,国内出发,安检后,13号登机口附近,境内,INC,银川市,宁夏回族自治区
银川河东机场,N04589,弄堂小笼包,正常使用,餐食体验厅,"小食：【时令水果 * 1】,主食：【鲜肉小笼包 * 1,蟹粉豆腐煲 * 1,陈皮红豆粥 * 1】",10:00-20:00,机场,T3航站楼,国内出发,安检后,11号登机口附近,境内,INC,银川市,宁夏回族自治区
深圳宝安国际机场,N04593,张拉拉手撕牛肉拉面(30号登机口旁),正常使用,餐食体验厅,"饮品：【杏皮茶 * 1】,小食：【招牌小菜四小拼  * 1,西北浇汁牛肉 * 1,低卡蒜香西兰花 * 1,黄金炸蛋 * 1】,主食：【酸菜牛肉面 * 1,餐具包 * 1】",06:30-21:00,机场,T3航站楼,国内出发,安检后,30号登机口旁,境内,SZX,深圳市,广东省
成都双流国际机场,N04595,成都老字号美食城,正常使用,餐食体验厅,"汤品：【虫草花乌鸡汤 * 1】,配菜：【酸菜鱼片/青菜炒牛肉 * 1】,主食：【翡翠虾球 * 1,炒饭 * 1】",10:00-22:00,机场,T2航站楼,国内出发,安检后,E指廊144号登机口附近100米,境内,CTU,成都市,四川省
成都双流国际机场,N04596,洞子口张老二凉粉,正常使用,餐食体验厅,"汤品：【虫草花乌鸡汤 * 1】,配菜：【酸菜鱼片/青菜炒牛肉 * 1】,主食：【翡翠虾球 * 1,炒饭 * 1】",10:00-航班结束,机场,T2航站楼,国内出发,安检后,E指廊33号登机口右手边,境内,CTU,成都市,四川省
义乌机场,N04619,吉祥馄饨,正常使用,餐食体验厅,"饮品：【鲜百香果 * 1】,小食：【柠檬凤爪 * 1,关东煮4串 * 1】,主食：【虾仁虾肉馄饨 * 1】",06:00-20:30,机场,T1航站楼,国内出发,安检后,7号登机口,境内,YIW,义乌市,浙江省
南京禄口国际机场,N04621,佳吉食（INT-L9-F02店）,正常使用,餐食体验厅,"汤品：【味增汤 * 1】,饮品：【鲜榨橙汁 * 1】,配菜：【韩式泡菜 * 1】,主食：【蒲烧鳗鱼饭 * 1】",09:00-20:00,机场,T2航站楼,国际出发,安检后,9号登机口附近,境内,NKG,南京市,江苏省
桂林两江国际机场,N04623,塞纳左岸咖啡,正常使用,餐食体验厅,"饮品：【美式 * 1】,小食：【可颂 * 1,蜂蜜华夫饼 * 1】,主食：【黑椒牛柳意大利面 * 1】",08:00-22:00,机场,T2航站楼,国内出发,安检后,202登机口旁,境内,KWL,桂林市,广西壮族自治区
青岛胶东国际机场,N04645,兰公子,正常使用,餐食体验厅,"饮品：【崂山茶1杯 * 1】,小食：【红油腐竹 * 1,风味丁香鱼 * 1】,主食：【任选汤面一款（含卤蛋半只+开胃小菜三款） * 1】",06:00--航班结束,机场,主航站楼,国内出发,安检后,52号登机口旁,境内,TAO,青岛市,山东省
青岛胶东国际机场,N04646,港十三,正常使用,餐食体验厅,"饮品：【崂山茶1杯 * 1】,小食：【红油腐竹 * 1,风味丁香鱼 * 1】,主食：【任选汤面一款（含卤蛋半只+开胃小菜三款） * 1】",06:00--航班结束,机场,主航站楼,国内出发,安检后,69号登机口对面,境内,TAO,青岛市,山东省
成都双流国际机场,N04650,九锅一堂,正常使用,餐食体验厅,"饮品：【桂花酸梅汁 * 1】,小食：【爆浆糍粑（3个） * 1】,主食：【肥牛麻婆豆腐 * 1,青菜牛肉 * 1,米饭 * 1】",05:30-21:50,机场,T2航站楼,国内出发,安检后,109-138号登机口附近,境内,CTU,成都市,四川省
成都双流国际机场,N04651,老边饺子,正常使用,餐食体验厅,"饮品：【金桔柠檬果茶 * 1】,小食：【现炸酥肉 * 1,番茄圆子 * 1】,主食：【百年大虾煸馅蒸饺(10个) * 1】",05:30-21:50,机场,T2航站楼,国内出发,安检后,109-138号登机口附近,境内,CTU,成都市,四川省
杭州萧山国际机场,N04653,外婆家,正常使用,餐食体验厅,"饮品：【酸梅汁 * 1】,主食：【蒜蓉粉丝虾 * 1,芒种虾皮水蒸蛋 * 1,火腿甜豆 * 1,米饭 * 1】",10:00-20:30,机场,T3航站楼,国内出发,安检后,22号登机口前面,境内,HGH,杭州市,浙江省
青岛胶东国际机场,N04658,润-拉面,正常使用,餐食体验厅,"饮品：【酸梅汁 * 1】,小食：【章鱼小丸子 * 1,鱼籽香肠 * 1,麻辣花蛤 * 1】,主食：【鳗鱼饭 * 1】",06:30-20:00,机场,主航站楼,国内出发,安检后,1-11号登机口方向,境内,TAO,青岛市,山东省
惠州平潭机场,N04660,迈德思客汉堡炸鸡,正常使用,餐食体验厅,"饮品：【可口可乐 * 1】,小食：【薯条 * 1,墨西哥风味鸡肉卷 * 1,葡式蛋挞一只 * 1】,主食：【蜜汁烤鸡 * 1,双层皇堡 * 1】",09:00-晚上航班结束,机场,T2航站楼,国内出发,安检后,3号登机口对面夹层上,境内,HUZ,惠州市,广东省
青岛胶东国际机场,N04669,Tims咖啡(6号登机口对面),正常使用,餐食体验厅,"饮品：【澳白 * 1,浓醇拿铁 * 1】,小食：【蛋香鸡腿肉贝果 * 1,烤牛肉贝果堡 * 1】",06:30-19:00,机场,主航站楼,国内出发,安检后,6 号登机口对面,境内,TAO,青岛市,山东省
无锡硕放机场,N04704,Egg Bomb,正常使用,餐食体验厅,"饮品：【美式咖啡 * 1】,小食：【原味切薯条（标准） * 1,脆香辣鸡块6pc * 1,纯纯玉米杯 * 1】,主食：【肉酱晨之美 * 1,元气欧姆蛋 * 1】",06:00-22:00,机场,T2航站楼,国内出发,安检后,10号登机口对面,境内,WUX,无锡市,江苏省
无锡硕放机场,N04705,河仙,正常使用,餐食体验厅,"饮品：【河仙柠檬苏打 * 1】,小食：【越式虾饼 * 1】,主食：【火车头河粉 * 1】",06:00-22:00,机场,T2航站楼,国内出发,安检后,17号登机口对面,境内,WUX,无锡市,江苏省
无锡硕放机场,N04706,卡乐星,正常使用,餐食体验厅,"饮品：【美式咖啡（冰） * 1】,小食：【原切薯条（大份） * 1,脆香鸡2块 * 1,嫩香鸡块5pc * 1】,主食：【圣塔菲热辣鸡腿堡 * 1】",11:00-23:00,机场,T2航站楼,国内到达,到达区,到达厅7号门旁,境内,WUX,无锡市,江苏省
武汉天河国际机场,N04708,克茗冰室,正常使用,餐食体验厅,"饮品：【招牌冻柠茶 * 1】,小食：【泥石流爆奶华 * 1】,配菜：【白灼生菜 * 1,泰式炒虾条 * 1】,主食：【黯然销魂饭 * 1】",10:00-21:00,机场,T2航站楼,国内出发,安检后,B指廊204-209登机口处,境内,WUH,武汉市,湖北省
武汉天河国际机场,N04709,安南牛肉粉,正常使用,餐食体验厅,"饮品：【青柠苏打水 * 1】,配菜：【安南春卷三条 * 1,蚝油生菜 * 1】,主食：【河内鲜茄牛腩河粉 * 1】",07:00-21:00,机场,T2航站楼,国内出发,安检后,A指廊211号登机口处,境内,WUH,武汉市,湖北省
广州白云国际机场,N04758,PAIX COFFEE,正常使用,餐食体验厅,"饮品：【椰香厚乳拿铁 * 1】,小食：【火腿芝士可颂 * 1,法芙娜巧克力可颂 * 1,布莱斯黄油可颂 * 1,原味司康 * 1】",06:00-23:00,机场,T2航站楼,国内出发,安检后,B156登机口附近,境内,CAN,广州市,广东省
北京大兴国际机场,N04764,EGG BOMB,正常使用,餐食体验厅,"饮品：【马黛清茶 * 1】,小食：【松露土豆泥(迷你杯) * 1,纯纯玉米杯(迷你杯) * 1,脆香辣鸡块(大份) * 1,脆香香鸡块(大份) * 1,蒜香酱2份 * 1,火腿 * 1,培根 * 1】,主食：【肉酱晨之美 * 1】",06:00-21:00,机场,主航站楼,国内出发,安检后,A指廊西出口西行20米,境内,PKX,北京市,北京市
广州白云国际机场,N04834,大弗兰,正常使用,餐食体验厅,"饮品：【杨枝甘露 * 1】,配菜：【老长沙大香肠 * 1,现炸小酥肉 * 1,农家梅菜扣肉 * 1】,主食：【红饶牛肉面/粉 * 1】",06:30-21:00,机场,T1航站楼,国内出发,安检后,B区，西三指廊三层B226登机口隔壁,境内,CAN,广州市,广东省
深圳宝安国际机场,N04756,宽窄巷,正常使用,餐食体验厅,"饮品：【可乐/雪碧 * 1】,甜点：【红糖冰粉 * 1】,小食：【夫妻肺片 * 1,红糖糍粑 * 1】,主食：【排骨牛肉双拼面 * 1】",05:30-22:00,机场,卫星厅,国内出发,安检后,561登机口对面,境内,SZX,深圳市,广东省
深圳宝安国际机场,N04757,深井村,正常使用,餐食体验厅,"汤品：【原只椰子炖竹丝鸡汤 * 1】,主食：【烧鹅拼豉油鸡 * 1,稻香米饭 * 1】",05:00-22:00,机场,卫星厅,国内出发,安检后,541登机口附近,境内,SZX,深圳市,广东省
天津滨海国际机场,N04659,全牛匠·川小馆,正常使用,餐食体验厅,"饮品：【冰柠檬茶 * 1】,小食：【四川冰粉 * 1,包浆豆腐 * 1】,主食：【招牌翘脚牛肉锅1份 * 1,米饭 * 1】",06:00-21:00,机场,T2航站楼,国内出发,安检前,东浮岛,境内,TSN,天津市,天津市
昆明长水国际机场,N04379,天祈楼手工拉面,正常使用,餐食体验厅,"饮品：【王老吉 * 1】,小食：【肉夹馍一个 * 1,爽口牛肉 * 1】,主食：【兰州拉面(配鸡蛋、小菜) * 1】",05:00-22:00,机场,卫星厅,国内出发,安检后,F2层，337号登机口附近,境内,KMG,昆明市,云南省
北京大兴国际机场,N04887,青爱亭,正常使用,餐食体验厅,"饮品：【马黛清茶（2杯） * 1】,小食：【弘大炸蘑菇 * 1,韩国人气炸鸡 * 1,青年萝卜 * 1】,主食：【芝士部队火锅面 * 1】",06:00-21:00,机场,主航站楼,国内出发,安检后,A指廊西出口西行20米,境内,PKX,北京市,北京市
杭州萧山国际机场,N04884,张拉拉兰州牛肉面,正常使用,餐食体验厅,"小食：【黄金炸蛋(加面里) * 1,卤蛋 * 1,兰州酱牛肉 * 1,牛肉串夹馍 * 1,烤牛肉中串 * 1,酸辣木耳 * 1】,主食：【招牌兰州手撕牛肉面套餐(含面、牛肉、爽口萝卜、酸梅汁) * 1】",05:00-19:00,机场,T4航站楼,国内出发,安检后,远机位926登机口对面,境内,HGH,杭州市,浙江省
哈尔滨太平国际机场,N04944,紫悦东北名小吃(安检外),正常使用,餐食体验厅,"汤品：【茶水1壶 * 1】,主食：【地道酸菜炖脊骨 * 1,石锅有机菜花 * 1,辣白菜 * 1,白米饭 * 1】",10:00-20:30,机场,T2航站楼,国内出发,安检前,出发大厅2号门对面A岛旁,境内,HRB,哈尔滨市,黑龙江省