机场名称,服务权益机构,龙腾网点编码,站点名称,省份,城市,机场编码,休息室名称,航站楼,安检类型,品质贵宾厅（是/否）,品质厅亮点,休息室位置,出发类型,服务内容,服务时长（小时）,营业时间
黄山屯溪国际机场,"移动,全球通,移动全球通",N04929,黄山屯溪国际机场,安徽省,黄山市,TXN,国际休息室,主航站楼,安检后,否,,安检后，国际休息室,国际出发,"小食,茶水/饮料,空调",2小时,early-late-flight
上海浦东国际机场,"移动,全球通,移动全球通",N00020,上海浦东国际机场,上海市,上海市,PVG,9号贵宾休息室(T1国内),T1航站楼,安检后,否,,"安检后，右转直行350米，9号登机口附近乘电梯下至2层""9号贵宾休息室”",国内出发,"空调,航班显示器,小食,茶水/饮料,餐食（冷/热）",2小时,06:00 - 航班结束
上海浦东国际机场,"移动,全球通,移动全球通",N00021,上海浦东国际机场,上海市,上海市,PVG,73号头等舱休息室(T2国内),T2航站楼,安检后,否,,安检后，乘电梯下二层，右转直行约100米右侧，位于73号、75号登机口中间“73号头等舱休息室”,国内出发,"空调,茶水/饮料,小食,WiFi,支持虚拟卡,报刊杂志,电视",2小时,06:00 - 航班结束
上海浦东国际机场,"移动,全球通,移动全球通",N00022,上海浦东国际机场,上海市,上海市,PVG,39号头等舱休息室(T1国际),T1航站楼,安检后,否,,安检10-11通道中间电梯上至4楼39号贵宾室,国际出发,"小食,茶水/饮料,餐食（冷/热）,空调,航班显示器",2小时,06:00_22:00
上海虹桥国际机场,"移动,全球通,移动全球通,广州银行,广州银行龙腾卡",N00024,上海虹桥国际机场,上海市,上海市,SHA,V03贵宾休息室(T1国际),T1航站楼,安检后,否,,"安检后,乘自动扶梯上至四层V03贵宾休息室.",国际出发,"休息室休息,小食,茶水/饮料",2小时,06:00 - 最晚航班
上海虹桥国际机场,"移动,全球通,移动全球通,广州银行,广州银行龙腾卡",N00026,上海虹桥国际机场,上海市,上海市,SHA,V1贵宾休息室(T2国内),T2航站楼,安检后,否,,"左转直行(25、26号登机口附近)"" V1号贵宾休息室”.",国内出发,"休息室休息,小食,茶水/饮料",2小时,05:30-最晚航班
广州白云国际机场,"移动,全球通,移动全球通",N00027,广州白云国际机场,广东省,广州市,CAN,16号门机场通会员接待中心(T1国内),T1航站楼,安检前,是,协办值机、优先安检、航司休息室,安检前，16号门进门右侧约10米,国内出发,"支持虚拟卡,接待柜台",2小时,06:30_21:00
广州白云国际机场,"移动,全球通,移动全球通",N00030,广州白云国际机场,广东省,广州市,CAN,东航头等舱休息室(T1国内),T1航站楼,安检后,是,头等舱同款,A区三楼国内安检后，左转直行500米左右“东航休息室”；,国内出发,"报刊杂志,电视,电脑,航班显示器,独立洗手间,空调,茶水/饮料,小食,WiFi",2小时,06:30_21:30
广州白云国际机场,"移动,全球通,移动全球通,广州银行,广州银行龙腾卡",N00031,广州白云国际机场,广东省,广州市,CAN,国航头等舱休息室(T1国内),T1航站楼,安检后,是,头等舱同款,"B区三层，安检后，左转直行500米左右,靠近登机口213支廊",国内出发,"小食,广播提醒登机,按摩椅,WiFi,报刊杂志,空调,茶水/饮料,电脑,航班显示器,支持虚拟卡,电视",2小时,06:30_21:30
广州白云国际机场,"移动,全球通,移动全球通",N00036,广州白云国际机场,广东省,广州市,CAN,海航头等舱休息室(T1国内),T1航站楼,安检后,是,头等舱同款,B区三层安检后右转直行50米,国内出发,"WiFi,支持虚拟卡,餐食（冷/热）,电视,报刊杂志,电脑,航班显示器,空调,茶水/饮料,小食,广播提醒登机",2小时,06:30_21:30
广州白云国际机场,"移动,全球通,移动全球通",N00046,广州白云国际机场,广东省,广州市,CAN,Premium Lounge(T1国际),T1航站楼,安检后,否,,"出境检查后直行,免税店旁.",国际出发,"按摩椅,WiFi,餐食（冷/热）,电脑,航班显示器,空调,茶水/饮料,酒精饮料,支持虚拟卡,广播提醒登机,电视,报刊杂志,小食",2小时,24小时
深圳宝安国际机场,"移动,全球通,移动全球通,中信银行,中信银行龙腾卡",N00064,深圳宝安国际机场,广东省,深圳市,SZX,V3南航明珠精英会员休息室 (T3国内),T3航站楼,安检后,是,头等舱同款,"四层过安检后乘手扶电梯下至三层,直行约10米乘右侧手扶电梯下至二层'南航明珠精英会员休息室'.(休息室位于二层,21号登机口位于三层.)",国内出发,"小食,按摩椅,WiFi,报刊杂志,水果,餐食（冷/热）,电视,电脑,航班显示器,空调,儿童游乐区,茶水/饮料",2小时,06:00_20:30
北海福成机场,"移动,全球通,移动全球通",N00072,北海福成机场,广西壮族自治区,北海市,BHY,头等舱休息室,主航站楼,安检后,否,,安检后右转“头等舱”,国内出发,"报刊杂志,小食,茶水/饮料,空调,WiFi,电视",2小时,06:30-最晚航班
长沙黄花国际机场,"移动,全球通,移动全球通,中信银行,中信银行龙腾卡",N00095,长沙黄花国际机场,湖南省,长沙市,CSX,T1-3号头等舱休息室(T1国内),T1航站楼,安检后,否,,"安检后,右转直行约150米",国内出发,"行李寄存,茶水/饮料,小食,WiFi,支持虚拟卡,报刊杂志,电视,电脑",2小时,09:00_20:00
长治王村机场,"移动,全球通,移动全球通",N00104,长治王村机场,山西省,长治市,CIH,头等舱休息室,主航站楼,安检后,否,,安检后二楼4号登机口对面,国内出发,"报刊杂志,空调,茶水/饮料,人工提醒登机,支持虚拟卡",2小时,最早航班-最晚航班（航班起飞前2小时开放）
常德桃花源机场,"移动,全球通,移动全球通",N00107,常德桃花源机场,湖南省,常德市,CGD,头等舱休息室,主航站楼,安检后,否,,安检后左转50米,国内出发,"传真,报刊杂志,电视,电脑,空调,茶水/饮料,小食,人工提醒登机,支持虚拟卡,打印",2小时,early-late-flight
揭阳潮汕国际机场,"移动,全球通,移动全球通",N00114,揭阳潮汕国际机场,广东省,揭阳市,SWA,南航明珠俱乐部,主航站楼,安检后,是,航司休息室,"安检后右转直行50米,20A登机口附近.",国内出发,"餐食（冷/热）,面食,充电,按摩椅,观景区,电视,航班显示器,行李寄存,茶水/饮料,空调,小食,WiFi,打印,报刊杂志",2小时,6:30-南航出港航班结束
成都双流国际机场,"移动,全球通,移动全球通",N00153,成都双流国际机场,四川省,成都市,CTU,F指廊休息室(T2国内),T2航站楼,安检后,否,,"安检后,169登机口旁.",国内出发,"报刊杂志,航班显示器,空调,茶水/饮料,小食,支持虚拟卡,电视,电脑",2小时,06:00_23:00
成都双流国际机场,"移动,全球通,移动全球通",N00154,成都双流国际机场,四川省,成都市,CTU,EF连廊休息室(T2国内）,T2航站楼,安检后,否,,"安检后,155登机口旁.",国内出发,"广播提醒登机,支持虚拟卡,报刊杂志,电视,电脑,航班显示器,茶水/饮料,小食",2小时,06:00_23:00
成都双流国际机场,"移动,全球通,移动全球通",N00155,成都双流国际机场,四川省,成都市,CTU,DE连廊休息室(T2国内）,T2航站楼,安检后,否,,"安检后,143登机口旁。",国内出发,"报刊杂志,电视,电脑,航班显示器,空调,茶水/饮料,小食,广播提醒登机,支持虚拟卡",2小时,06:00_23:00
重庆江北国际机场,"移动,全球通,移动全球通",N00156,重庆江北国际机场,重庆市,重庆市,CKG,A指廊头等舱休息室(T2国内),T2航站楼,安检后,否,,"安检后右转直行约50米,于12号登机口旁""头等舱休息""室指示牌处下楼至夹层",国内出发,"空调,茶水/饮料,小食,广播提醒登机,WiFi,支持虚拟卡,电视,电脑,航班显示器",2小时,early-late-flight
重庆江北国际机场,"移动,全球通,移动全球通",N00157,重庆江北国际机场,重庆市,重庆市,CKG,B指廊头等舱休息室(T2国内),T2航站楼,安检后,否,,"安检后直行约15米,B01号登机口对面",国内出发,"报刊杂志,电视,电脑,航班显示器,空调,茶水/饮料,小食,WiFi,餐食（冷/热）,支持虚拟卡",2小时,early-late-flight
重庆江北国际机场,"移动,全球通,移动全球通",N00158,重庆江北国际机场,重庆市,重庆市,CKG,C指廊头等舱休息室(T2国内),T2航站楼,安检后,否,,"安检后直行约15米,C01号登机口旁",国内出发,"WiFi,支持虚拟卡,报刊杂志,电视,电脑,航班显示器,空调,茶水/饮料,小食,广播提醒登机",2小时,early-late-flight
大理机场,"移动,全球通,移动全球通,中信银行,中信银行龙腾卡",N00160,大理机场,云南省,大理市,DLU,龙腾出行商务贵宾厅,主航站楼,安检前,是,协办值机、优先安检,面对航站楼大门口向左转直行至“云南空港百事特商务贵宾厅”，旅客进入大厅后在“百事特贵宾接待柜台”出示凭证核验，核验通过后按工作人员指引到“龙腾出行商务贵宾厅”使用服务,国内出发,"休息室安检通道,支持虚拟卡,小食,人工提醒登机,WiFi,电视,航班显示器,协办行李托运,协办登机手续,接待柜台,吸烟室,茶水/饮料",2小时,07:00_18:30
大同云冈机场,"移动,全球通,移动全球通,中信银行,中信银行龙腾卡",N00161,大同云冈机场,山西省,大同市,DAT,国内头等舱休息室,T2航站楼,安检后,否,,"安检后右转直行(每月对休息室地毯清洗时,请顾客移步贵宾室(候机楼东侧,贵宾休息室),享受贵宾休息室以及贵宾安检通道登机服务.",国内出发,"茶水/饮料,小食,支持虚拟卡,报刊杂志,电视,电脑,航班显示器",2小时,07:30 - 最晚航班
大连周水子国际机场,"移动,全球通,移动全球通,中信银行,中信银行龙腾卡",N00162,大连周水子国际机场,辽宁省,大连市,DLC,贵宾厅(A区),主航站楼,安检后,否,,"安检后,从19号登机口旁直梯下楼,到达2层贵宾厅A区",国内出发,"小食,WiFi,报刊杂志,航班显示器,空调,茶水/饮料",2小时,06:00_22:00
赣州黄金机场,"移动,全球通,移动全球通",N00239,赣州黄金机场,江西省,赣州市,KOW,头等舱休息室(T2国内）,T2航站楼,安检后,否,,"安检后，右转直行至尽头（205,206登机口附近）“2号头等舱休息室”",国内出发,"WiFi,报刊杂志,航班显示器,空调,茶水/饮料,小食,广播提醒登机,支持虚拟卡",2小时,08:50 - 最晚航班
贵阳龙洞堡国际机场,"移动,全球通,移动全球通,中信银行,中信银行龙腾卡",N00240,贵阳龙洞堡国际机场,贵州省,贵阳市,KWE,贵宾休息室(T2国内),T2航站楼,安检后,否,,安检后正对面，由右手边手扶电梯上楼或左手边楼梯步行上楼,国内出发,"电视,电脑,茶水/饮料,小食,支持虚拟卡",2小时,07:00_21:30
桂林两江国际机场,"移动,全球通,移动全球通,宁波银行,宁波银行龙腾卡",N00242,桂林两江国际机场,广西壮族自治区,桂林市,KWL,头等舱/公务舱休息室(T2国内),T2航站楼,安检后,否,,"安检后,右转130米至头等舱候机室.",国内出发,"航班信息咨询,空调,茶水/饮料,小食,支持虚拟卡",2小时,early-late-flight
桂林两江国际机场,"移动,全球通,移动全球通,宁波银行,宁波银行龙腾卡",N00244,桂林两江国际机场,广西壮族自治区,桂林市,KWL,头等舱/公务舱休息室（T2国际）,T2航站楼,安检后,否,,"安检后,自行16米至头等舱候机室.",国际出发,"空调,茶水/饮料,小食,支持虚拟卡,电视",2小时,early-late-flight
呼伦贝尔东山国际机场,"移动,全球通,移动全球通,宁波银行,宁波银行龙腾卡",N00248,呼伦贝尔东山国际机场,内蒙古自治区,呼伦贝尔市,HLD,头等舱休息室,主航站楼,安检后,否,,"安检后,2号登机口对面,公共洗手间旁",国内出发,"茶水/饮料,小食,广播提醒登机,母婴室,报刊杂志,电视,电脑,空调",2小时,最早航班-最晚航班（航班起飞前2小时开放）
淮安涟水机场,"移动,全球通,移动全球通,宁波银行,宁波银行龙腾卡",N00249,淮安涟水机场,江苏省,淮安市,HIA,CIP商务贵宾休息室3,主航站楼,安检后,否,,右手边扶梯上二楼,国内出发,"行李寄存,WiFi,独立洗手间",2小时,early-late-flight
济宁大安机场,"移动,全球通,移动全球通,宁波银行,宁波银行龙腾卡",N00253,济宁大安机场,山东省,济宁市,JNG,国内头等舱休息室,主航站楼,安检后,否,,安检后上二楼左侧.,国内出发,"航班显示器,广播提醒登机,航班信息咨询,吸烟室,母婴室,空调,行李寄存,独立洗手间,茶水/饮料,小食,WiFi,充电,电视,报刊杂志",2小时,10:00_19:00
景德镇罗家机场,"移动,全球通,移动全球通",N00254,景德镇罗家机场,江西省,景德镇市,JDZ,景德镇机场VIP头等舱休息室,主航站楼,安检后,否,,国内出发安检后二楼，三号登机口斜对面“VIP头等舱休息室”,国内出发,"WiFi,报刊杂志,航班显示器,茶水/饮料,广播提醒登机,电视",2小时,early-late-flight
嘉峪关机场,"移动,全球通,移动全球通,宁波银行,宁波银行龙腾卡",N00257,嘉峪关机场,甘肃省,嘉峪关市,JGN,国内头等舱休息室,主航站楼,安检后,否,,安检后上二层右侧.,国内出发,"电脑,航班显示器,茶水/饮料,小食,支持虚拟卡,电视,广播提醒登机,报刊杂志",2小时,early-late-flight
黄山屯溪国际机场,"移动,全球通,移动全球通",N00258,黄山屯溪国际机场,安徽省,黄山市,TXN,国内头等舱休息室,主航站楼,安检后,否,,"国内出发厅安检后,二楼直行右侧""头等舱休息室”.",国内出发,"茶水/饮料,小食,广播提醒登机,报刊杂志,电视,电脑,航班显示器,空调",2小时,08:00 - 最晚航班
昆明长水国际机场,"移动,全球通,移动全球通",N00259,昆明长水国际机场,云南省,昆明市,KMG,头等舱公务舱休息室V6（T1国内）,主航站楼,安检后,否,,"直行约500米,46号登机口旁边乘电梯下至F二层""头等舱公务舱休息室V6”",国内出发,"小食,水果,茶水/饮料,支持虚拟卡,报刊杂志,电视,电脑",2小时,05:00_22:00
昆明长水国际机场,"移动,全球通,移动全球通",N00261,昆明长水国际机场,云南省,昆明市,KMG,头等舱公务舱休息室V13,主航站楼,安检后,否,,"54号登机口旁搭乘手扶电梯下行至F二层,""头等舱公务舱休息室V13”(57号登机口旁边).",国内出发,"茶水/饮料,小食,广播提醒登机,报刊杂志,电视,电脑,航班显示器,空调",2小时,10:00_21:00
昆明长水国际机场,"移动,全球通,移动全球通",N00263,昆明长水国际机场,云南省,昆明市,KMG,国际V1头等舱休息室,主航站楼,安检后,否,,"出境检查口对面,乘楼梯上行至F三层""国际V1头等舱休息室”",国际出发,"报刊杂志,电视,电脑,航班显示器,空调,吸烟室,茶水/饮料,水果,小食,广播提醒登机,支持虚拟卡",2小时,10:00 - 山东航空最晚航班(约至00:15)
兰州中川国际机场,"移动,全球通,移动全球通",N00266,兰州中川国际机场,甘肃省,兰州市,LHW,头等舱休息室 (T1国内),T1航站楼,安检后,否,,"安检后右转,到达T1头等舱休息室",国内出发,"餐食（冷/热）,电视,电脑,航班显示器,茶水/饮料,小食,广播提醒登机,支持虚拟卡,报刊杂志",2小时,07:00_22:00
丽江三义机场,"移动,全球通,移动全球通",N00268,丽江三义机场,云南省,丽江市,LJG,京东会员尊享贵宾厅（T1国内）,主航站楼,安检后,否,,"安检后左转,直行约50米'京东会员尊享贵宾厅'.",国内出发,"报刊杂志,茶水/饮料,小食,WiFi,支持虚拟卡",2小时,07:00_22:30
丽江三义机场,"移动,全球通,移动全球通,宁波银行,宁波银行龙腾卡",N00269,丽江三义机场,云南省,丽江市,LJG,头等舱休息室（T1国内）,主航站楼,安检后,否,,安检后右侧.,国内出发,"小食,支持虚拟卡,电脑,茶水/饮料",2小时,07:00_22:30
丽江三义机场,"移动,全球通,移动全球通",N00270,丽江三义机场,云南省,丽江市,LJG,国际头等舱休息室（T1国际）,主航站楼,安检后,否,,出境检查后右侧.,国际出发,"小食,支持虚拟卡,报刊杂志,电脑,茶水/饮料",2小时,early-late-flight
绵阳南郊机场,"移动,全球通,移动全球通",N00275,绵阳南郊机场,四川省,绵阳市,MIG,头等舱候机室（T1国内）,T1航站楼,安检后,否,,"进安检B区后,往右前方五十米,电梯上三楼.",国内出发,"茶水/饮料,小食,广播提醒登机,报刊杂志,支持虚拟卡,电视,电脑",2小时,early-late-flight
南昌昌北国际机场,"移动,全球通,移动全球通",N00276,南昌昌北国际机场,江西省,南昌市,KHN,头等舱休息室(T2国内),T2航站楼,安检后,否,,安检后，左转直行50米.,国内出发,"报刊杂志,电视,电脑,茶水/饮料,小食,广播提醒登机,支持虚拟卡",2小时,early-late-flight
南宁吴圩国际机场,"移动,全球通,移动全球通",N00278,南宁吴圩国际机场,广西壮族自治区,南宁市,NNG,T2航站楼F1头等舱(安检外),T2航站楼,安检前,是,协办值机、优先安检,"E区值机岛尽头,30号安检通道，左边的""T2航站楼F1头等舱”休息室.",国内出发,"航班信息咨询,优先安检通道,报刊杂志,电视,电脑,茶水/饮料,小食,广播提醒登机,WiFi,支持虚拟卡",2小时,06:00_22:00
宁波栎社国际机场,"移动,全球通,移动全球通",N00283,宁波栎社国际机场,浙江省,宁波市,NGB,头等舱休息室3(T2国内),T2航站楼,安检后,否,,"215号登机口对面""头等舱休息室3”.",国内出发,"报刊杂志,电视,电脑,空调,茶水/饮料,小食,广播提醒登机",2小时,06:00 - 最晚航班
宁波栎社国际机场,"移动,全球通,移动全球通",N00286,宁波栎社国际机场,浙江省,宁波市,NGB,头等舱休息室1(T2国内),T2航站楼,安检后,否,,"安检后，右转直行约10米,头等舱休息室",国内出发,"支持虚拟卡,报刊杂志,电视,电脑,茶水/饮料,小食,广播提醒登机",2小时,06:30_20:30
宁波栎社国际机场,"移动,全球通,移动全球通",N00288,宁波栎社国际机场,浙江省,宁波市,NGB,国际头等舱休息室(T2国际),T2航站楼,安检后,否,,"安检后，直行至""国际头等舱休息室”.",国际出发,"报刊杂志,电视,电脑,航班显示器,空调,茶水/饮料,小食,WiFi,支持虚拟卡",2小时,early-late-flight
银川河东机场,"移动,全球通,移动全球通",N00289,银川河东机场,宁夏回族自治区,银川市,INC,头等舱候机室 (T3国内),T3航站楼,安检后,否,,"进入候机隔离厅后,从头等舱安检通道右侧,12号登机口对面乘坐扶梯上楼.",国内出发,"支持虚拟卡,报刊杂志,电视,电脑,空调,茶水/饮料,小食,广播提醒登机",2小时,06:30_22:30
泉州晋江国际机场,"移动,全球通,移动全球通",N00294,泉州晋江国际机场,福建省,泉州市,JJN,国内头等舱休息室,主航站楼,安检后,否,,5号和6号登机口对面.,国内出发,"餐食（冷/热）,报刊杂志,电视,电脑,茶水/饮料,小食,广播提醒登机,支持虚拟卡",2小时,05:30_22:00
泉州晋江国际机场,"移动,全球通,移动全球通",N00295,泉州晋江国际机场,福建省,泉州市,JJN,国际头等舱休息室,主航站楼,安检后,否,,安检后直走咖啡厅的对面.,国际出发,"独立洗手间,WiFi,充电,航班信息咨询,小食,茶水/饮料",2小时,early-late-flight
太原武宿国际机场,"移动,全球通,移动全球通",N00302,太原武宿国际机场,山西省,太原市,TYN,头等、公务舱休息室(T2国内),T2航站楼,安检后,否,,安检后，安检通道左侧203登机口旁,国内出发,"报刊杂志,航班显示器,空调,茶水/饮料,小食,广播提醒登机,支持虚拟卡",2小时,early-late-flight
太原武宿国际机场,"移动,全球通,移动全球通",N00303,太原武宿国际机场,山西省,太原市,TYN,头等舱休息室(T1国内),T1航站楼,安检后,否,,"安检后左转约100米(104和105登机口附近)""头等舱休息室”",国内出发,"小食,广播提醒登机,支持虚拟卡,报刊杂志,电视,航班显示器,空调,茶水/饮料",2小时,06:30_22:00
太原武宿国际机场,"移动,全球通,移动全球通",N00305,太原武宿国际机场,山西省,太原市,TYN,国际头等舱休息室 (T2国际),T2航站楼,安检后,否,,"18号登机口附近免税店旁""国际头等舱休息室”.",国际出发,"报刊杂志,小食,茶水/饮料",2小时,early-late-flight
腾冲驼峰机场,"移动,全球通,移动全球通",N00306,腾冲驼峰机场,云南省,保山市,TCZ,国内头等舱休息室(T2国内),T2航站楼,安检后,否,,安检后出发二层五号登机口对面持卡会员休息区,国内出发,"小食,广播提醒登机,支持虚拟卡,报刊杂志,电视,电脑,航班显示器,空调,茶水/饮料",2小时,early-late-flight
天津滨海国际机场,"移动,全球通,移动全球通",N00307,天津滨海国际机场,天津市,天津市,TSN,贵宾接待柜台(T2国内),T2航站楼,安检前,是,协办值机、优先安检,6号门对面F13-14贵宾接待柜台.,国内出发,"优先安检通道,接待柜台,支持虚拟卡,协办行李托运,协办登机手续",2小时,early-late-flight
天津滨海国际机场,"移动,全球通,移动全球通",N00309,天津滨海国际机场,天津市,天津市,TSN,3号头等舱休息室 (T1国际),T1航站楼,安检后,否,,"右转,直行至103登机口斜对面'3号头等舱休息室'或105登机口旁边“5号头等舱休息室（根据航班情况随机开放其中一个）",国际出发,"航班显示器,茶水/饮料,小食,广播提醒登机,支持虚拟卡,报刊杂志,电视,电脑",2小时,early-late-flight
威海大水泊机场,"移动,全球通,移动全球通",N00311,威海大水泊机场,山东省,威海市,WEH,头等舱休息室(一层),主航站楼,安检后,否,,安检后，右转直行即达,国内出发,"茶水/饮料,小食,广播提醒登机,支持虚拟卡,报刊杂志,电视,电脑,航班显示器",2小时,07:00 - 最晚航班
威海大水泊机场,"移动,全球通,移动全球通",N00312,威海大水泊机场,山东省,威海市,WEH,头等舱休息室(二层),主航站楼,安检后,否,,安检后，乘电梯至2楼，2号登机口对面,国内出发,"茶水/饮料,小食,广播提醒登机,支持虚拟卡,报刊杂志,电脑,航班显示器",2小时,07:30 - 最晚航班
乌海机场,"移动,全球通,移动全球通",N00313,乌海机场,内蒙古自治区,乌海市,WUA,头等舱休息室,主航站楼,安检后,否,,"安检后,上二楼左转.",国内出发,"报刊杂志,电视,小食,人工提醒登机,支持虚拟卡",2小时,最早航班-最晚航班(提前90分钟开放)
武夷山机场,"移动,全球通,移动全球通",N00319,武夷山机场,福建省,武夷山市,WUS,国内头等舱休息室,主航站楼,安检后,否,,"乘电梯至二楼,2号登机口正对面.",国内出发,"茶水/饮料,小食,广播提醒登机,支持虚拟卡,报刊杂志,电视,电脑,航班显示器",2小时,08:30 - 最晚航班
西安咸阳国际机场,"移动,全球通,移动全球通",N00320,西安咸阳国际机场,陕西省,西安市,XIY,5A迅邦达头等舱休息室(T2国内),T2航站楼,安检后,否,,"10号登机口斜对面,""迅邦达头等舱休息室”.",国内出发,"小食,广播提醒登机,支持虚拟卡,茶水/饮料,报刊杂志,电视,电脑,航班显示器,空调",2小时,10:00_18:00
西安咸阳国际机场,"移动,全球通,移动全球通",N00322,西安咸阳国际机场,陕西省,西安市,XIY,国际头等舱休息室(T3国际),T3航站楼,安检后,否,,"T2、T3支廊之间,免税店旁""国际头等舱休息室”.",国际出发,"小食,支持虚拟卡,报刊杂志,电视,电脑,航班显示器,空调,茶水/饮料",2小时,06:30_22:30
锡林浩特机场,"移动,全球通,移动全球通",N00324,锡林浩特机场,内蒙古自治区,锡林浩特市,XIL,头等舱休息室(T2国内),T2航站楼,安检后,否,,安检后四号登机口西侧,国内出发,"茶水/饮料,小食,支持虚拟卡",2小时,最早航班起飞前90分钟-最晚航班
西宁曹家堡机场,"移动,全球通,移动全球通",N00325,西宁曹家堡机场,青海省,西宁市,XNN,二号头等舱休息室,主航站楼,安检后,否,,安检后，商业街直行100米直梯或者扶梯下一楼，14号登机口旁,国内出发,"休息室休息,小食,茶水/饮料",2小时,根据当日航班运行情况开厅
西双版纳嘎洒机场,"移动,全球通,移动全球通",N00326,西双版纳嘎洒机场,云南省,景洪市,JHG,百事特商务贵宾厅,主航站楼,安检后,否,,"安检后,10号登机口斜对面",国内出发,"报刊杂志,电视,茶水/饮料,小食,广播提醒登机,支持虚拟卡",2小时,06:00_22:00
厦门高崎国际机场,"移动,全球通,移动全球通",N00328,厦门高崎国际机场,福建省,厦门市,XMN,嘉宾候机室(T3国内),T3航站楼,安检后,否,,"二楼安检后,6号登机口附近.",国内出发,"小食,广播提醒登机,WiFi,支持虚拟卡,报刊杂志,电脑,独立洗手间,空调,茶水/饮料",2小时,06:00_21:00
徐州观音国际机场,"移动,全球通,移动全球通",N00331,徐州观音国际机场,江苏省,徐州市,XUZ,国内头等舱休息室(T2国内),主航站楼,安检后,否,,"安检后,靠近8号登机口”头等舱休息室”.",国内出发,"报刊杂志,茶水/饮料,小食,广播提醒登机,支持虚拟卡,套餐多选一",2小时,08:00_22:00
烟台蓬莱国际机场,"移动,全球通,移动全球通",N00334,烟台蓬莱国际机场,山东省,烟台市,YNT,头等舱休息室3号,主航站楼,安检后,否,,"安检后右拐50米,在8号登机口对面乘扶梯上行至""头等舱休息室3号”.",国内出发,"广播提醒登机,支持虚拟卡,报刊杂志,电视,电脑,航班显示器,空调,茶水/饮料,小食",2小时,06:30 - 最晚航班
盐城南洋机场,"移动,全球通,移动全球通",N00337,盐城南洋机场,江苏省,盐城市,YNZ,头等舱休息室(T2国内),主航站楼,安检后,否,,"安检后东侧,靠近4号登机口.",国内出发,"报刊杂志,电视,电脑,航班显示器,茶水/饮料,小食,广播提醒登机,支持虚拟卡",2小时,08:30_22:00
盐城南洋机场,"移动,全球通,移动全球通",N00339,盐城南洋机场,江苏省,盐城市,YNZ,国际头等舱休息室(T1国际),T1航站楼,安检后,否,,"出境检查后左侧,靠近5,6号登机口,休息室门口有'CIP'标识.",国际出发,"小食,广播提醒登机,报刊杂志,电视,茶水/饮料,支持虚拟卡",2小时,early-late-flight
扬州泰州机场,"移动,全球通,移动全球通",N00341,扬州泰州机场,江苏省,扬州市,YTY,国内头等舱休息室,主航站楼,安检后,否,,"安检后右转,乘手扶梯至二楼(2、3号登机口对面).",国内出发,"报刊杂志,电视,电脑,航班显示器,茶水/饮料,小食,广播提醒登机,支持虚拟卡",2小时,early-late-flight
运城张孝机场,"移动,全球通,移动全球通",N00357,运城张孝机场,山西省,运城市,YCU,国内头等舱休息室,T2航站楼,安检后,否,,"安检后左侧直行,6号登机口对面.",国内出发,"报刊杂志,电视,电脑,航班显示器,茶水/饮料,小食,广播提醒登机,WiFi,支持虚拟卡",2小时,07:00 - 最晚航班
宜昌三峡机场,"移动,全球通,移动全球通,中荷人寿,中荷人寿龙腾卡",N00358,宜昌三峡机场,湖北省,宜昌市,YIH,商务贵宾室（T2国内）,主航站楼,安检前,是,协办值机、优先安检,由T2航站楼安检前出发层2号门进入，前往大厅16号、17号贵宾接待柜台。（旅客在此核销验证后，现场人员提供“贵宾休息室卡”，旅客凭“贵宾休息室卡”从右侧贵宾通道走出后左转即可到达商务贵宾楼休息使用服务）,国内出发,"航班信息咨询,独立洗手间,WiFi,打印,充电,观景区,茶水/饮料,小食,广播提醒登机,休息室安检通道,支持虚拟卡,协办行李托运,协办登机手续,报刊杂志,电视,电脑,接待柜台,航班显示器,空调,专属值机柜台,人工提醒登机",2小时,07:00_23:00
温州龙湾国际机场,"移动,全球通,移动全球通",N00362,温州龙湾国际机场,浙江省,温州市,WNZ,国际头等舱休息室（T1国际）,T1航站楼,安检后,否,,出境检查后左转10米.,国际出发,"茶水/饮料,小食,广播提醒登机,支持虚拟卡,报刊杂志,电视,电脑,航班显示器",2小时,early-late-flight
湛江吴川机场,"移动,全球通,移动全球通",N00363,湛江吴川机场,广东省,湛江市,ZHA,两舱休息室（T1国内）,T1航站楼,安检后,否,,安检后，位于中庭镂空处前，乘坐无障碍电梯或者扶手梯前往三楼“两舱休息室”,国内出发,"传真,电视,人工提醒登机,电脑,航班显示器,吸烟室,空调,报刊杂志,淋浴设施,独立洗手间,母婴室,自助餐饮,小食,茶水/饮料,酒精饮料,WiFi",2小时,最早航班 起飞前2小时- 最晚航班离港
深圳宝安国际机场,"移动,全球通,移动全球通",N00399,深圳宝安国际机场,广东省,深圳市,SZX,国际嘉宾旅客休息室(T3国际),T3航站楼,安检后,否,,"右转直行9号登机口对面""国际嘉宾旅客休息室”.",国内出发,"茶水/饮料,水果,传真,打印,报刊杂志,支持虚拟卡,小食,WiFi,餐食（冷/热）",2小时,07:00_22:00
杭州萧山国际机场,"移动,全球通,移动全球通",N00402,杭州萧山国际机场,浙江省,杭州市,HGH,禧悦贵宾接待中心(T3国内),T3航站楼,安检前,是,优先安检,"13号门进门后直行到尽头,禧悦贵宾接待中心柜台.",国内出发,"报刊杂志,航班显示器,空调,接待柜台,茶水/饮料,小食,广播提醒登机,优先安检通道,支持虚拟卡",2小时,06:30_22:00
杭州萧山国际机场,"移动,全球通,移动全球通",N00403,杭州萧山国际机场,浙江省,杭州市,HGH,易行6号厅,T3航站楼,安检后,否,,B23号登机口斜对面 九号头等舱,国内出发,"报刊杂志,电视,空调,茶水/饮料,小食,广播提醒登机,支持虚拟卡",2小时,06:30_22:00
沈阳桃仙国际机场,"移动,全球通,移动全球通",N00405,沈阳桃仙国际机场,辽宁省,沈阳市,SHE,头等舱休息室 (T3国内),T3航站楼,安检后,否,,安检后右转直行至麦当劳旁电梯上楼至右侧“机场头等舱休息室”,国内出发,"餐食（冷/热）,水果,小食,支持虚拟卡,报刊杂志,电视,电脑,独立洗手间,空调,茶水/饮料",2小时,06:30_21:00
沈阳桃仙国际机场,"移动,全球通,移动全球通",N00407,沈阳桃仙国际机场,辽宁省,沈阳市,SHE,国际头等舱休息室 (T3国际),T3航站楼,安检后,否,,出境检查后直走右转“南航休息室”旁边,国际出发,"独立洗手间,小食,茶水/饮料,空调,电脑,电视,报刊杂志",2小时,航班起飞前两小时
大连周水子国际机场,"移动,全球通,移动全球通",N00408,大连周水子国际机场,辽宁省,大连市,DLC,商旅休息室1,主航站楼,安检后,否,,"安检后,右转直行14号登机口附近乘手扶电梯上楼后,左转至尽头""商旅休息室1”.",国内出发,"广播提醒登机,报刊杂志,航班显示器,空调,茶水/饮料,小食,WiFi,支持虚拟卡",2小时,08:00_21:00
九寨沟黄龙机场,"移动,全球通,移动全球通",N00414,九寨沟黄龙机场,四川省,九寨沟市,JZH,商务贵宾休息室,主航站楼,安检后,否,,"二楼,4号登机口旁.",国内出发,"航班显示器,茶水/饮料,小食,广播提醒登机,支持虚拟卡,报刊杂志,电视",2小时,early-late-flight
徐州观音国际机场,"移动,全球通,移动全球通",N00527,徐州观音国际机场,江苏省,徐州市,,国际头等舱休息室,主航站楼,安检后,否,,"出境检查后,右转直行.",国际出发,"休息室休息,小食,茶水/饮料",2小时,根据当日航班运行情况开厅
珠海金湾机场,"移动,全球通,移动全球通",N00528,珠海金湾机场,广东省,珠海市,ZUH,珠海机场VIP贵宾厅,主航站楼,安检前,是,协办值机、优先安检,安检前，右转，延“大家乐餐厅”左侧通道直行至“珠海机场VIP贵宾厅”,国内出发,"电视,空调,茶水/饮料,小食,优先安检通道,WiFi,支持虚拟卡,协办行李托运,协办登机手续,报刊杂志",2小时,07:30_20:30
淮安涟水机场,"移动,全球通,移动全球通",N00554,淮安涟水机场,江苏省,淮安市,HIA,国际头等舱休息室,主航站楼,安检后,否,,"乘电梯上至2楼,直行至尽头.",国际出发,"报刊杂志,电视,航班显示器,空调,茶水/饮料,小食,广播提醒登机",2小时,early-late-flight
沈阳桃仙国际机场,"移动,全球通,移动全球通",N00610,沈阳桃仙国际机场,辽宁省,沈阳市,SHE,易登机接待中心(T3国内),T3航站楼,安检前,是,协办值机、优先安检,"3号门旁""易登机接待中心”.",国内出发,"优先安检通道,支持虚拟卡,协办行李托运,协办登机手续,餐食（冷/热）,报刊杂志,航班显示器,空调,接待柜台,茶水/饮料,水果,小食,广播提醒登机",2小时,06:30_21:00
大庆萨尔图机场,"移动,全球通,移动全球通",N00611,大庆萨尔图机场,黑龙江省,大庆市,DQA,头等舱休息室,主航站楼,安检后,否,,"安检后上至二楼直行10米,右侧.",国内出发,"报刊杂志,电视,电脑,茶水/饮料,广播提醒登机,支持虚拟卡",2小时,最早航班-最晚航班（航班起飞前100分钟可使用休息室）
呼伦贝尔东山国际机场,"移动,全球通,移动全球通",N00615,呼伦贝尔东山国际机场,内蒙古自治区,呼伦贝尔市,HLD,头等舱休息室(T2国内),T2航站楼,安检后,否,,"10号登机口附近""头等舱休息室”.",国内出发,"茶水/饮料,小食,报刊杂志",2小时,early-late-flight
牡丹江海浪机场,"移动,全球通,移动全球通,中荷人寿,中荷人寿龙腾卡",N00632,牡丹江海浪机场,黑龙江省,牡丹江市,MDG,国际头等舱休息室,主航站楼,安检后,否,,"右转30米,'国际头等舱休息室'.",国际出发,"茶水/饮料,报刊杂志,电视,电脑,空调,小食,广播提醒登机,支持虚拟卡",2小时,early-late-flight
牡丹江海浪机场,"移动,全球通,移动全球通,中荷人寿,中荷人寿龙腾卡",N00652,牡丹江海浪机场,黑龙江省,牡丹江市,MDG,国内头等舱休息室,主航站楼,安检后,否,,安检后直行5米左侧.,国内出发,"报刊杂志,电视,电脑,空调,茶水/饮料,小食,广播提醒登机,支持虚拟卡",2小时,early-late-flight
广州白云国际机场,"移动,全球通,移动全球通,宁波银行,宁波银行龙腾卡,中信银行,中信银行龙腾卡",N00653,广州白云国际机场,广东省,广州市,CAN,深航头等舱休息室(T1国内),T1航站楼,安检后,是,头等舱同款,B区三层，安检后，右转直行500米左右,国内出发,"电视,电脑,独立洗手间,空调,茶水/饮料,小食,广播提醒登机,按摩椅,WiFi,支持虚拟卡,餐食（冷/热）",2小时,06:30_21:30
南京禄口国际机场,"移动,全球通,移动全球通",N00654,南京禄口国际机场,江苏省,南京市,NKG,商务贵宾休息室V6(T2国内),T2航站楼,安检后,否,,11号与12号登机口对面,国内出发,"报刊杂志,电视,独立洗手间,空调,儿童游乐区,茶水/饮料,小食,广播提醒登机,WiFi,支持虚拟卡",2小时,05:20 - 最晚航班
南京禄口国际机场,"移动,全球通,移动全球通",N00655,南京禄口国际机场,江苏省,南京市,NKG,接待柜台(T2国内),T2航站楼,安检前,是,优先安检、安检后休息室,"出发层，安检前，C、D岛中间，登机问询处”验证.(出示服务凭证核销后,可换取优先安检通道券和商务贵宾休息室(V6)接待券)",国内出发,"接待柜台,优先安检通道,支持虚拟卡",2小时,05:20_22:00
南京禄口国际机场,"移动,全球通,移动全球通,中荷人寿,中荷人寿龙腾卡",N00660,南京禄口国际机场,江苏省,南京市,NKG,国际头等舱V7候机室 (T2国际),T2航站楼,安检后,否,,"左转乘电梯上二楼""V7国际头等舱休息室”.",国际出发,"WiFi,支持虚拟卡,报刊杂志,电视,广播提醒登机,餐食（冷/热）,独立洗手间,空调,茶水/饮料,小食",2小时,05:20 - 最晚航班
厦门高崎国际机场,"移动,全球通,移动全球通",N00662,厦门高崎国际机场,福建省,厦门市,XMN,7号国际头等舱休息室 (T3国际),T3航站楼,安检后,否,,"17号登机口乘手扶梯上楼""7号国际头等舱休息室 ”.",国际出发,"航班信息咨询,酒精饮料,水果,面食,WiFi,打印,充电,电视,航班显示器,空调,茶水/饮料,小食,餐食（冷/热）,报刊杂志,支持虚拟卡",2小时,07:00_20:00
天津滨海国际机场,"移动,全球通,移动全球通",N00664,天津滨海国际机场,天津市,天津市,TSN,VIP13号头等舱 (T2国内),T2航站楼,安检后,否,,"直行350米(205号登机口旁)""VIP13号头等舱”.",国内出发,"空调,茶水/饮料,小食,广播提醒登机,支持虚拟卡",2小时,early-late-flight
喀什机场,"移动,全球通,移动全球通,中荷人寿,中荷人寿龙腾卡",N00678,喀什机场,新疆维吾尔自治区,喀什市,KHG,头等舱休息室,主航站楼,安检后,否,,安检后右转直行至尽头.,国内出发,"WiFi,独立洗手间,电脑,电视,茶水/饮料,小食,广播提醒登机,支持虚拟卡",2小时,06:30-23:00
天津滨海国际机场,"移动,全球通,移动全球通",N00681,天津滨海国际机场,天津市,天津市,TSN,VIP16号贵宾室 (T2国内),T2航站楼,安检后,否,,"搭乘206登机口附近的电梯下一层,261-268登机口附近.",国内出发,"休息室休息,小食,茶水/饮料",2小时,根据当日航班运行情况开厅
天津滨海国际机场,"移动,全球通,移动全球通,中荷人寿,中荷人寿龙腾卡",N00682,天津滨海国际机场,天津市,天津市,TSN,VIP17号贵宾室 (T2国内),T2航站楼,安检后,否,,206号登机口旁边.,国内出发,"空调,茶水/饮料,小食,广播提醒登机,支持虚拟卡",2小时,early-late-flight
天津滨海国际机场,"移动,全球通,移动全球通,中荷人寿,中荷人寿龙腾卡",N00683,天津滨海国际机场,天津市,天津市,TSN,VIP18号贵宾室 (T2国内),T2航站楼,安检后,否,,安检后直行20米，207号登机口旁边,国内出发,"空调,茶水/饮料,小食,广播提醒登机,支持虚拟卡",2小时,early-late-flight
天津滨海国际机场,"移动,全球通,移动全球通",N00684,天津滨海国际机场,天津市,天津市,TSN,VIP20号贵宾室 (T2国内),T2航站楼,安检后,否,,"直走至尽头右转,216号登机口旁边.",国内出发,"空调,茶水/饮料,小食,广播提醒登机,支持虚拟卡",2小时,early-late-flight
乌鲁木齐地窝堡国际机场,"移动,全球通,移动全球通,中荷人寿,中荷人寿龙腾卡",N00686,乌鲁木齐地窝堡国际机场,新疆维吾尔自治区,乌鲁木齐市,URC,两舱嘉宾休息室(T1国内),T1航站楼,安检后,否,,"安检后,右侧直行至尽头,靠近1号登机口,""两舱嘉宾休息室”.",国内出发,"空调,茶水/饮料,小食,WiFi,支持虚拟卡",2小时,06:00_21:00
威海大水泊机场,"移动,全球通,移动全球通,中荷人寿,中荷人寿龙腾卡",N00689,威海大水泊机场,山东省,威海市,WEH,头等舱休息室(二层),主航站楼,安检后,否,,安检后，乘电梯至2楼，4号登记口对面,国内出发,"电视,电脑,航班显示器,茶水/饮料,小食,广播提醒登机,支持虚拟卡,报刊杂志",2小时,early-late-flight
石家庄正定国际机场,"移动,全球通,移动全球通",N00693,石家庄正定国际机场,河北省,石家庄市,SJW,头等舱休息室 (T2国内),T2航站楼,安检后,否,,"安检后,B安检口对面",国内出发,"航班显示器,空调,茶水/饮料,水果,小食,广播提醒登机,支持虚拟卡,餐食（冷/热）,代步电瓶车,报刊杂志,电视,电脑",2小时,最早航班起飞前100分钟开厅-最晚航班结束
长春龙嘉国际机场,"移动,全球通,移动全球通",N00754,长春龙嘉国际机场,吉林省,长春市,CGQ,头等舱休息室(T2国内),T2航站楼,安检后,否,,"安检后15号登机口对面""头等舱休息室”.",国内出发,"广播提醒登机,WiFi,支持虚拟卡,报刊杂志,空调,茶水/饮料,餐食（冷/热）,小食",2小时,early-late-flight
九寨沟黄龙机场,"移动,全球通,移动全球通",N00756,九寨沟黄龙机场,四川省,九寨沟市,JZH,商务旅客休息厅,主航站楼,安检后,否,,安检后2楼，4号登机口旁,国内出发,"休息室休息,小食,茶水/饮料",2小时,根据当日航班运行情况开厅
厦门高崎国际机场,"移动,全球通,移动全球通",N00762,厦门高崎国际机场,福建省,厦门市,XMN,头等舱休息室(T4国内),T4航站楼,安检后,否,,"T4航站楼,安检后,左侧直行至夹层'头等舱休息室'.",国内出发,"WiFi,支持虚拟卡,报刊杂志,电视,航班显示器,空调,茶水/饮料,水果,小食,广播提醒登机",2小时,07:00_21:00
无锡硕放机场,"移动,全球通,移动全球通",N00763,无锡硕放机场,江苏省,无锡市,WUX,头等舱候机室V1(T2国内),T2航站楼,安检后,否,,安检后，11号登机口对面,国内出发,"广播提醒登机,支持虚拟卡,餐食（冷/热）,报刊杂志,电视,电脑,航班显示器,空调,茶水/饮料,小食",2小时,early-late-flight
常州奔牛机场,"移动,全球通,移动全球通",N00764,常州奔牛机场,江苏省,常州市,CZX,国内头等舱休息室,主航站楼,安检后,否,,左转直行100米(2号登机口对面).,国内出发,"餐食（冷/热）,报刊杂志,电视,电脑,航班显示器,空调,茶水/饮料,水果,小食,睡眠区,广播提醒登机,WiFi,支持虚拟卡",2小时,early-late-flight
南宁吴圩国际机场,"移动,全球通,移动全球通",N00766,南宁吴圩国际机场,广西壮族自治区,南宁市,NNG,国际头等舱休息室2(T2国际),T2航站楼,安检后,否,,进入出发大厅，过国际“三关”安检后，直行20米左右，免税店旁“头等舱候机室”,国际出发,"报刊杂志,电视,电脑,空调,茶水/饮料,小食,广播提醒登机,支持虚拟卡",2小时,国际航班开始-结束
长春龙嘉国际机场,"移动,全球通,移动全球通,广州银行,广州银行龙腾卡",N00771,长春龙嘉国际机场,吉林省,长春市,CGQ,国际头等舱休息室,主航站楼,安检后,否,,"出境检查后,直行300米右转(免税店旁).",国际出发,"支持虚拟卡,电视,电脑,茶水/饮料,小食,广播提醒登机,WiFi",2小时,early-late-flight
烟台蓬莱国际机场,"移动,全球通,移动全球通,广州银行,广州银行龙腾卡",N00782,烟台蓬莱国际机场,山东省,烟台市,YNT,国际头等舱休息室,主航站楼,安检后,否,,出境检查后右转至二楼'国际头等舱休息室'.,国际出发,"报刊杂志,电视,茶水/饮料,小食,人工提醒登机,WiFi,支持虚拟卡",2小时,06:30_22:00
敦煌莫高国际机场,"移动,全球通,移动全球通",N00801,敦煌莫高国际机场,甘肃省,敦煌市,DNH,头等舱休息室(2号休息室)(T3国内),T3航站楼,安检后,否,,"安检后,隔离厅二楼304登机口附近'头等舱休息室'.(内含独立休息室2间).",国内出发,"茶水/饮料,人工提醒登机,支持虚拟卡,报刊杂志,电视,空调,null",2小时,每个航班起飞前3小时开厅
呼和浩特白塔国际机场,"移动,全球通,移动全球通,广州银行,广州银行龙腾卡",N00830,呼和浩特白塔国际机场,内蒙古自治区,呼和浩特市,HET,2号头等舱休息室,T1航站楼,安检后,否,,隔离区内二楼东侧6号登机口对面,国内出发,"航班显示器,空调,茶水/饮料,小食,WiFi,支持虚拟卡,报刊杂志,电视",2小时,06:00 - 最晚航班
上海浦东国际机场,"移动,全球通,移动全球通",N00868,上海浦东国际机场,上海市,上海市,PVG,69号贵宾休息室(T2国际),T2航站楼,安检后,否,,"乘电梯至4层(69号登机口附近)""69号贵宾休息室”.",国际出发,"航班显示器,小食,茶水/饮料,餐食（冷/热）,空调",2小时,06:00_23:00
广州白云国际机场,"移动,全球通,移动全球通",N01044,广州白云国际机场,广东省,广州市,CAN,龙腾出行接待柜台(T1国内),T1航站楼,安检前,是,优先安检、协办值机,"16号门进门右侧约15米,在柜台核销凭证后,乘专属电梯上至二楼休息室平台.",国内出发,"优先安检通道,空调,茶水/饮料,小食,支持虚拟卡,报刊杂志",2小时,06:30_21:00
包头东河机场,"移动,全球通,移动全球通",N01045,包头东河机场,内蒙古自治区,包头市,BAV,头等舱休息室(2号),主航站楼,安检后,否,,右转直行(10号登机口对面).,国内出发,"报刊杂志,电视,茶水/饮料,小食,广播提醒登机,支持虚拟卡",2小时,early-late-flight
丽江三义机场,"移动,全球通,移动全球通",N01048,丽江三义机场,云南省,丽江市,LJG,国际头等舱休息室2（T1国际）,主航站楼,安检后,否,,出境检查后右侧.,国际出发,"报刊杂志,电脑,茶水/饮料,小食,支持虚拟卡",2小时,early-late-flight
南昌昌北国际机场,"移动,全球通,移动全球通",N01052,南昌昌北国际机场,江西省,南昌市,KHN,龙逸行赣商俱乐部休息厅(T2国内),T2航站楼,安检前,是,协办值机、优先安检,安检前，2号门正对面“龙逸行赣商俱乐部”休息厅,国内出发,"电视,茶水/饮料,小食,广播提醒登机,优先安检通道,支持虚拟卡,协办行李托运,协办登机手续,电话,报刊杂志",2小时,early-late-flight
鞍山腾鳌机场,"移动,全球通,移动全球通",N01066,鞍山腾鳌机场,辽宁省,鞍山市,AOG,头等舱休息室,主航站楼,安检后,否,,"安检后右转,上至二层'头等舱休息室'.",国内出发,"报刊杂志,电视,茶水/饮料,小食,广播提醒登机,支持虚拟卡,电话",2小时,early-late-flight
长沙黄花国际机场,"移动,全球通,移动全球通",N01085,长沙黄花国际机场,湖南省,长沙市,CSX,乐翔7号头等舱贵宾室(T2国内),T2航站楼,安检后,否,,"安检后，左侧靠近30号登机口""乐翔7号头等舱贵宾室”.",国内出发,"独立洗手间,空调,茶水/饮料,小食,报刊杂志,电脑,航班显示器",2小时,06:00_22:00
天津滨海国际机场,"移动,全球通,移动全球通",N01100,天津滨海国际机场,天津市,天津市,TSN,VIP10号贵宾室 (T2国内),T2航站楼,安检后,否,,117-118号登机口对面.,国内出发,"空调,茶水/饮料,小食,广播提醒登机,支持虚拟卡",2小时,07:00_21:00
常州奔牛机场,"移动,全球通,移动全球通",N01101,常州奔牛机场,江苏省,常州市,CZX,国内贵宾、头等舱接待柜台,主航站楼,安检前,是,协办值机、优先安检,"安检前国内出发大厅2号门,直行至18号值机'国内贵宾、头等舱接待柜台'.",国内出发,"支持虚拟卡,接待柜台,电脑,协办行李托运,协办登机手续,茶水/饮料,餐食（冷/热）,水果,小食,广播提醒登机,优先安检通道,WiFi",2小时,early-late-flight
常州奔牛机场,"移动,全球通,移动全球通",N01102,常州奔牛机场,江苏省,常州市,CZX,国际头等舱休息室,主航站楼,安检后,否,,左转直行(1号登机口对面'国际头等舱休息室').,国际出发,"WiFi,支持虚拟卡,广播提醒登机,报刊杂志,电视,电脑,航班显示器,空调,茶水/饮料,水果,小食,睡眠区",2小时,early-late-flight
天津滨海国际机场,"移动,全球通,移动全球通",N01105,天津滨海国际机场,天津市,天津市,TSN,国际5号头等舱休息室 (T1),T1航站楼,安检后,否,,出境检查后，贵宾室位于105号登机口和免税店之间。,国际出发,"支持虚拟卡,航班显示器,茶水/饮料,小食,广播提醒登机,报刊杂志,电视,电脑",2小时,最早航班 - 最晚航班
成都双流国际机场,"移动,全球通,移动全球通",N01107,成都双流国际机场,四川省,成都市,CTU,G指廊休息室(T2国内),T2航站楼,安检后,否,,"安检后,172登机对面.",国内出发,"广播提醒登机,支持虚拟卡,报刊杂志,电视,电脑,航班显示器,空调,茶水/饮料,小食",2小时,06:00_23:00
西安咸阳国际机场,"移动,全球通,移动全球通",N01112,西安咸阳国际机场,陕西省,西安市,XIY,迅邦达头等舱休息室(T2国内),T2航站楼,安检后,否,,"14号登机口对面""迅邦达头等舱休息室”.",国内出发,"广播提醒登机,按摩椅,WiFi,支持虚拟卡,报刊杂志,电视,小食,餐食（冷/热）,电脑,航班显示器,空调,茶水/饮料",2小时,06:30_22:30
海口美兰国际机场,"移动,全球通,移动全球通",N01133,海口美兰国际机场,海南省,海口市,HAK,头等舱休息室(T1国内),T1航站楼,安检后,否,,13号登机门斜对面乘电梯上三楼(A区安检左侧).,国内出发,"餐食（冷/热）,报刊杂志,电视,电脑,航班显示器,茶水/饮料,小食,广播提醒登机,支持虚拟卡",2小时,06:00_22:30
呼和浩特白塔国际机场,"移动,全球通,移动全球通",N01145,呼和浩特白塔国际机场,内蒙古自治区,呼和浩特市,HET,蒙京易行接待中心,T2航站楼,安检前,是,协办值机、优先安检,T1航站楼二楼出港大厅C岛问讯柜台西侧，蒙京易行接待中心,国内出发,"优先安检通道,协办登机手续,接待柜台,支持虚拟卡,协办行李托运",2小时,07:30_21:00
张家界荷花机场,"移动,全球通,移动全球通",N01147,张家界荷花机场,湖南省,张家界市,DYG,2号头等舱候机室(T2国内),T2航站楼,安检后,否,,安检后直行100米右转直行50米(张家界特产总汇旁),国内出发,"人工提醒登机,支持虚拟卡,小食,报刊杂志,电视,航班显示器,茶水/饮料",2小时,05:30 - 最晚航班
张家界荷花机场,"移动,全球通,移动全球通",N01148,张家界荷花机场,湖南省,张家界市,DYG,5号头等舱候机室(T2国内),T2航站楼,安检后,否,,"安检后直行100米乘电梯下一楼,电梯正对面A8登机口旁.",国内出发,"报刊杂志,电视,航班显示器,茶水/饮料,小食,广播提醒登机,支持虚拟卡",2小时,远机位最早航班 - 最晚航班
合肥新桥国际机场,"移动,全球通,移动全球通",N01153,合肥新桥国际机场,安徽省,合肥市,HFE,商务贵宾厅（安检前）,主航站楼,安检前,是,协办值机、优先安检,出发大厅2号门内值机T岛右侧.,国内出发,"协办登机手续,茶水/饮料,小食,人工提醒登机,优先安检通道,支持虚拟卡,报刊杂志,电视,电脑,航班显示器,空调,协办行李托运",2小时,06:30_22:00
厦门高崎国际机场,"移动,全球通,移动全球通",N01176,厦门高崎国际机场,福建省,厦门市,XMN,远机位嘉宾候机室 (T3国内),T3航站楼,安检后,否,,"安检后,向左直行200米,手扶电梯下楼,向左直行20米,21号登机口对面",国内出发,"休息室休息,小食,茶水/饮料",2小时,09:00_18:00
沈阳桃仙国际机场,"移动,全球通,移动全球通",N01183,沈阳桃仙国际机场,辽宁省,沈阳市,SHE,头等舱休息室3 (T3国内),T3航站楼,安检后,否,,"安检后左转直行尽头,28号登机口对面.",国内出发,"餐食（冷/热）,报刊杂志,电视,电脑,独立洗手间,空调,茶水/饮料,水果,小食,支持虚拟卡",2小时,06:00_21:00
郑州新郑国际机场,"移动,全球通,移动全球通",N01189,郑州新郑国际机场,河南省,郑州市,CGO,国际头等舱休息室(T2国际),T2航站楼,安检后,否,,262号登机口对面.,国际出发,"空调,茶水/饮料,水果,小食,淋浴设施,广播提醒登机,WiFi,支持虚拟卡,报刊杂志,电视,电脑,航班显示器",2小时,07:00_22:00
威海大水泊机场,"移动,全球通,移动全球通",N01200,威海大水泊机场,山东省,威海市,WEH,国际头等舱休息室,主航站楼,安检后,否,,国际出发厅，安检后，右侧1号登机口附近.,国际出发,"航班显示器,空调,茶水/饮料,小食,人工提醒登机,WiFi,支持虚拟卡,报刊杂志,电视",2小时,08:40 - 11:20 ; 13:00 - 16:30
沈阳桃仙国际机场,"移动,全球通,移动全球通",N01231,沈阳桃仙国际机场,辽宁省,沈阳市,SHE,辽宁航协要客服务中心 (T3国内),T3航站楼,安检前,是,协办值机、优先安检,"1号门与3号门之间,辽宁航协易登机接待处.",国内出发,"休息室安检通道,支持虚拟卡,接待柜台,协办登机手续,协办行李托运,茶水/饮料,水果,按摩椅,WiFi",2小时,08:00_18:00
揭阳潮汕国际机场,"移动,全球通,移动全球通",N01252,揭阳潮汕国际机场,广东省,揭阳市,SWA,"国内头等舱/公务舱休
息室（T1国内）",主航站楼,安检后,否,,国内隔离区内，安检后左转，11号登机口旁的“国内头等舱休息室”使用,国内出发,"母婴室,独立洗手间,水果,报刊杂志,航班显示器,空调,素食,茶水/饮料,小食,广播提醒登机,支持虚拟卡,WiFi",2小时,06:00 - 最晚航班
天津滨海国际机场,"移动,全球通,移动全球通",N01262,天津滨海国际机场,天津市,天津市,TSN,天津航空金银卡会员休息室,T2航站楼,安检后,是,头等舱同款,直行至尽头(210登机口附近).,国内出发,"空调,茶水/饮料,小食",2小时,early-late-flight
海口美兰国际机场,"移动,全球通,移动全球通",N01287,海口美兰国际机场,海南省,海口市,HAK,易行休息室(T1国内),T1航站楼,安检前,是,协办值机、优先安检,"2号门左侧""易行休息室”.",国内出发,"空调,协办行李托运,协办登机手续,茶水/饮料,优先安检通道,小食,人工提醒登机,报刊杂志,支持虚拟卡,水果",2小时,06:00_22:00
昆明长水国际机场,"移动,全球通,移动全球通",N01289,昆明长水国际机场,云南省,昆明市,KMG,祥鹏航空V3贵宾休息室,T1航站楼,安检后,是,头等舱同款,"直行约20米左转,乘手扶电梯下一楼左侧""祥鹏航空V3贵宾休息室”",国内出发,"自助餐饮,报刊杂志,电视,电脑,茶水/饮料,支持虚拟卡,水果,小食,广播提醒登机,WiFi",2小时,05:30_23:00
乌鲁木齐地窝堡国际机场,"移动,全球通,移动全球通",N01292,乌鲁木齐地窝堡国际机场,新疆维吾尔自治区,乌鲁木齐市,,国际头等舱休息室(T3国际),T3航站楼,安检后,否,,"安检后乘扶梯下1楼左转""国际头等舱休息室”.",国际出发,"休息室休息,小食,茶水/饮料",2小时,根据当日航班运行情况开厅
南通兴东国际机场,"移动,全球通,移动全球通",N01397,南通兴东国际机场,江苏省,南通市,NTG,头等舱休息室,T1航站楼,安检后,否,,"安检后，右拐至5号登机口对面，,乘坐直梯上至二楼""头等舱休息室2”",国内出发,"WiFi,电视,报刊杂志,茶水/饮料,空调,小食,支持虚拟卡",2小时,08:00_22:00
长白山机场,"移动,全球通,移动全球通",N01415,长白山机场,吉林省,白山市,NBS,头等舱候机室(T1国内),T1航站楼,安检后,否,,"安检后向左直行100米,手扶电梯上至二楼,向前直行100米.",国内出发,"电视,支持虚拟卡,报刊杂志,航班显示器,茶水/饮料,水果,小食,广播提醒登机,WiFi",2小时,航班起飞前90分钟 - 航班结束
遵义新舟机场,"移动,全球通,移动全球通",N01465,遵义新舟机场,贵州省,遵义市,ZYI,商务贵宾室1,主航站楼,安检后,否,,"主航站楼安检内,左侧乘扶梯上二楼,靠近二号登机口.",国内出发,"航班显示器,茶水/饮料,小食,人工提醒登机,WiFi,支持虚拟卡",2小时,09:00_22:00
银川河东机场,"移动,全球通,移动全球通",N01466,银川河东机场,宁夏回族自治区,银川市,INC,国际头等舱休息室(T2国际),T2航站楼,安检后,否,,安检后，左转15米处，7号登机口附近“头等舱休息室”,国际出发,"茶水/饮料,水果,小食,人工提醒登机,支持虚拟卡",2小时,early-late-flight
锦州湾机场,"移动,全球通,移动全球通",N01470,锦州湾机场,辽宁省,锦州市,JNZ,头等舱休息室,主航站楼,安检后,否,,"安检后,右侧手扶梯至二楼头等舱休息区",国内出发,"电视,茶水/饮料,报刊杂志,小食",2小时,09:00_18:00
池州九华山机场,"移动,全球通,移动全球通",N01521,池州九华山机场,安徽省,池州市,JUH,头等舱休息室,主航站楼,安检后,否,,航站楼安检后二楼上电梯左侧,国内出发,"电脑,电视,航班显示器,茶水/饮料,支持虚拟卡",2小时,07:00 - 最晚航班
池州九华山机场,"移动,全球通,移动全球通",N01522,池州九华山机场,安徽省,池州市,JUH,CIP休息室2号,主航站楼,安检后,否,,航站楼二楼上电梯左侧,国内出发,"电脑,电视,航班显示器,茶水/饮料,广播提醒登机,支持虚拟卡",2小时,07:00 - 最晚航班
重庆江北国际机场,"移动,全球通,移动全球通",N01528,重庆江北国际机场,重庆市,重庆市,CKG,两舱贵宾室1(T3国内),T3航站楼,安检后,否,,下扶梯往E指廊步行约300米,国内出发,"淋浴设施（收费）,报刊杂志,独立洗手间,空调,行李寄存,吸烟室,茶水/饮料,小食,WiFi,支持虚拟卡",2小时,early-late-flight
重庆江北国际机场,"移动,全球通,移动全球通",N01529,重庆江北国际机场,重庆市,重庆市,CKG,两舱贵宾室2(T3国内),T3航站楼,安检后,否,,"下扶梯转至通道内侧,步行约30米",国内出发,"淋浴设施（收费）,茶水/饮料,独立洗手间,空调,行李寄存,小食,WiFi,支持虚拟卡",2小时,early-late-flight
重庆江北国际机场,"移动,全球通,移动全球通",N01530,重庆江北国际机场,重庆市,重庆市,CKG,国际休息室(T3国际),T3航站楼,安检后,否,,安检后H指廊步行约200米,国际出发,"睡眠区（收费）,淋浴设施（收费）,独立洗手间,行李寄存,吸烟室,茶水/饮料,小食,WiFi,支持虚拟卡",2小时,06:30 - 最晚航班
北京首都国际机场,"移动,全球通,移动全球通",N01535,北京首都国际机场,北京市,北京市,PEK,北京首都V1休息室（T2国内）,T2航站楼,安检后,是,特色休息室、安检前“北京首都T2常旅客会员接待柜台”享优先安检,从5号安检口正对面的专属直梯处上至三层.,国内出发,"支持虚拟卡,充电,航班显示器,水果,小食,按摩椅,餐食（冷/热）,独立洗手间,空调,茶水/饮料,WiFi,电视",2小时,06:30_22:30
北京首都国际机场,"移动,全球通,移动全球通",N01539,北京首都国际机场,北京市,北京市,PEK,北京首都A1休息室（T3国内）,T3航站楼,安检后,是,特色休息室、安检前“北京首都T3常旅客会员接待柜台”享优先安检,"T3-C区安检后,沿C08-C18登机口方向右手边第一个扶梯处(KFC旁侧,前行20米),乘扶梯下至二层(不含D区)",国内出发,"小食,充电,航班信息咨询,茶水/饮料,电视,按摩椅,WiFi,餐食（冷/热）,支持虚拟卡,水果,航班显示器,独立洗手间,空调",2小时,06:30_22:30
临沂启阳机场,"移动,全球通,移动全球通",N01543,临沂启阳机场,山东省,临沂市,LYI,易行商旅头等舱候机室,主航站楼,安检后,否,,"安检后二楼头等舱,空港餐厅旁边“头等舱候机室商务VIP”",国内出发,"电视,空调,茶水/饮料,支持虚拟卡,小食,广播提醒登机,WiFi",2小时,early-late-flight
武汉天河国际机场,"移动,全球通,移动全球通",N01547,武汉天河国际机场,湖北省,武汉市,WUH,3号头等舱、公务舱休息室（T3国际）,T3航站楼,安检后,否,,T3航站楼，四层国际安检后，左转直行，329登机口对面“3号头等舱公务舱休息室”,国际出发,"电视,WiFi,报刊杂志,茶水/饮料,空调",2小时,07:00-最晚国际航班登机
武汉天河国际机场,"移动,全球通,移动全球通",N01548,武汉天河国际机场,湖北省,武汉市,WUH,6号国内头等舱休息室(T3国内),T3航站楼,安检后,是,头等舱同款,"B区安检后直行右转,扶梯下行至二层,在50号登机口附近的06号头等舱休息室.",国内出发,"广播提醒登机,WiFi,支持虚拟卡,茶水/饮料,小食,电视,独立洗手间,空调",2小时,early-late-flight
武汉天河国际机场,"移动,全球通,移动全球通",N01549,武汉天河国际机场,湖北省,武汉市,WUH,8号国内头等舱休息室(T3国内),T3航站楼,安检后,是,头等舱同款,左边扶梯下行至二层A区08号等舱休息室.,国内出发,"茶水/饮料,电视,空调,小食,WiFi",2小时,06:30 - 最晚航班
武汉天河国际机场,"移动,全球通,移动全球通",N01550,武汉天河国际机场,湖北省,武汉市,WUH,贵宾接待处(T3国内),T3航站楼,安检前,是,优先安检、安检后休息室,T3航站楼，B区四层出发层，3号门内侧（H值机岛正对面）“贵宾接待处”,国内出发,"接待柜台,优先安检通道,支持虚拟卡",2小时,06:00-国内最晚出港航班起飞前50分钟
武汉天河国际机场,"移动,全球通,移动全球通",N01576,武汉天河国际机场,湖北省,武汉市,WUH,1号头等舱、公务舱休息室（T3国际）,T3航站楼,安检后,否,,T3航站楼，四层国际安检后，右转直行，335登机口斜对面“1号头等舱、公务舱休息室”,国际出发,"支持虚拟卡,电脑,独立洗手间,空调,茶水/饮料,小食,人工提醒登机,WiFi",2小时,07:00-最晚国际航班登机
上海浦东国际机场,"移动,全球通,移动全球通,广州银行,广州银行龙腾卡",N01613,上海浦东国际机场,上海市,上海市,PVG,吉祥航空86号贵宾室(T2国内),T2航站楼,安检后,是,头等舱同款,"安检后向右直行360米,至C80登机口旁""吉祥航空86号贵宾室”.",国内出发,"独立洗手间,茶水/饮料,酒精饮料,水果,打印,空调,行李寄存,电脑,按摩椅,报刊杂志,支持虚拟卡,WiFi,航班显示器",2小时,05:15-22:00
库尔勒机场,"移动,全球通,移动全球通",N01638,库尔勒机场,新疆维吾尔自治区,库尔勒市,KRL,头等舱休息室(T2国内),T2航站楼,安检后,否,,"右手扶梯上二楼,右手边头等舱候机室01,1号登机口正对面.",国内出发,"传真（收费）,打印（收费）,报刊杂志,电视,航班显示器,茶水/饮料,WiFi,电话（收费）",2小时,early-late-flight
昆明长水国际机场,"移动,全球通,移动全球通",N01668,昆明长水国际机场,云南省,昆明市,KMG,头等舱休息室V17,主航站楼,安检后,否,,"安检后下斜坡,右侧约10米(真功夫餐馆旁)""头等舱休息室V17”",国内出发,"空调,小食,WiFi,支持虚拟卡,茶水/饮料,报刊杂志,电视,航班显示器",2小时,05:30_21:00
满洲里西郊国际机场,"移动,全球通,移动全球通",N01676,满洲里西郊国际机场,内蒙古自治区,满洲里,NZH,贵宾厅休息室,主航站楼,安检前,是,协办值机、优先安检,"候机楼东侧贵宾楼""V6/V7休息室”",国内出发,"打印,传真,优先登机通道,残疾人通道,报刊杂志,独立洗手间,协办登机手续,协办行李托运,吸烟室,茶水/饮料,小食,人工提醒登机,WiFi,休息室安检通道",2小时,early-late-flight
长沙黄花国际机场,"移动,全球通,移动全球通",N01694,长沙黄花国际机场,湖南省,长沙市,CSX,乐翔三号贵宾厅(T2国内),T2航站楼,安检后,否,,"安检外,出发大厅1号门左转约20米",国内出发,"小食,报刊杂志,航班显示器,空调,茶水/饮料,WiFi,支持虚拟卡",2小时,06:00_22:00
广州白云国际机场,"移动,全球通,移动全球通,宁波银行,宁波银行龙腾卡,中信银行,中信银行龙腾卡",N01700,广州白云国际机场,广东省,广州市,CAN,机场通会员国内接待区(T2国内),T2航站楼,安检前,是,协办值机、优先安检,"41号门,朝值机岛C区方向直行,靠左侧标识到达""机场通会员休息室”(C18号行李检查区对面).",国内出发,"接待柜台,支持虚拟卡",2小时,06:30_21:00
广州白云国际机场,"移动,全球通,移动全球通,宁波银行,宁波银行龙腾卡,中信银行,中信银行龙腾卡",N01701,广州白云国际机场,广东省,广州市,CAN,白云机场易登机休息室(T2国内),T2航站楼,安检后,是,特色休息室、安检前“机场通会员国内接待区”享优先安检,"安检后左转,南航休息室对面的""白云机场易登机休息室”.",国内出发,"餐食（冷/热）,WiFi,支持虚拟卡,广播提醒登机,航班显示器,空调,茶水/饮料,小食",2小时,06:30_21:30
广州白云国际机场,"移动,全球通,移动全球通,中信银行,中信银行龙腾卡",N01703,广州白云国际机场,广东省,广州市,CAN,国际头等舱休息室Premium Lounge(T2国际),T2航站楼,安检后,否,,"从T2航站楼出发厅45号门,朝值机岛Q区方向直行,过三关""检验检疫、海关、边防”后直行至标识""国际头等舱休息室Premium Lounge”.",国际出发,"支持虚拟卡,报刊杂志,餐食（冷/热）,航班显示器,空调,茶水/饮料,小食,WiFi",2小时,24小时
广州白云国际机场,"移动,全球通,移动全球通",N01707,广州白云国际机场,广东省,广州市,CAN,机场通会员休息室(T2国内),T2航站楼,安检前,是,优先安检,"从T2航站楼出发厅41号门,朝值机岛C区方向直行,靠左侧标识""机场通会员休息室”(C18号行李检查区对面).",国内出发,"小食,人工提醒登机,WiFi,报刊杂志,空调,茶水/饮料",2小时,06:30_21:00
温州龙湾国际机场,"移动,全球通,移动全球通",N01742,温州龙湾国际机场,浙江省,温州市,WNZ,1号头等舱贵宾室(T2国内),T2航站楼,安检后,否,,"安检后,1号头等舱休息室.",国内出发,"报刊杂志,航班显示器,空调,茶水/饮料,小食,支持虚拟卡",2小时,08:00_22:00
毕节飞雄机场,"移动,全球通,移动全球通",N01743,毕节飞雄机场,贵州省,毕节市,BFJ,头等舱休息室,主航站楼,安检后,否,,"安检后,候机厅一楼""头等舱休息室"".",国内出发,"报刊杂志,电脑,空调,茶水/饮料,小食,广播提醒登机,按摩椅,WiFi",2小时,08:00 - 最晚航班
日照山字河机场,"移动,全球通,移动全球通",N01744,日照山字河机场,山东省,日照市,RIZ,头等舱候机室,主航站楼,安检后,否,,"候机楼隔离区二楼,3号登机口对面""头等舱候机室”.",国内出发,"独立洗手间,空调,茶水/饮料,小食,广播提醒登机,按摩椅,WiFi",2小时,early-late-flight
西安咸阳国际机场,"移动,全球通,移动全球通",N01746,西安咸阳国际机场,陕西省,西安市,XIY,V33迅邦达头等舱休息室（T3国内）,T3航站楼,安检后,否,,"安检后，左侧扶梯下楼直行约200米(步行约5分钟),""迅邦达头等舱贵宾休息室”(靠近""南航头等舱休息室"").",国内出发,"WiFi,餐食（冷/热）,支持虚拟卡,小食,报刊杂志,电视,航班显示器,空调,茶水/饮料",2小时,06:30_22:30
武夷山机场,"移动,全球通,移动全球通",N01763,武夷山机场,福建省,武夷山市,WUS,国际头等舱休息室,主航站楼,安检后,否,,国际候机楼二楼6号登机口旁.,国际出发,"报刊杂志,电脑,空调,茶水/饮料,小食,广播提醒登机,WiFi,支持虚拟卡",2小时,每趟国际航班开始办理时间至航班登机
西宁曹家堡机场,"移动,全球通,移动全球通",N01780,西宁曹家堡机场,青海省,西宁市,XNN,头等舱休息室(T2国内),T2航站楼,安检后,否,,安检后，商业街直行100米直梯或者楼梯上三楼，1号头等舱休息室,国内出发,"航班信息咨询,休息室休息,餐食（冷/热）,空调,茶水/饮料,小食,广播提醒登机",2小时,05:30-出港航班结束
南阳姜营机场,"移动,全球通,移动全球通",N01784,南阳姜营机场,河南省,南阳市,NNY,商务贵宾室,主航站楼,安检前,是,协办值机、优先安检,候机厅一楼北侧,国内出发,"电视,协办登机手续,茶水/饮料,小食,广播提醒登机,按摩椅,协办行李托运,优先安检通道,WiFi,空调,水果",2小时,08:00_21:30
延安南泥湾机场,"移动,全球通,移动全球通",N01900,延安南泥湾机场,陕西省,延安市,ENY,头等舱休息室2,主航站楼,安检后,否,,"安检后2号登机口旁的""头等舱休息室2”.",国内出发,"空调,茶水/饮料,小食,WiFi,支持虚拟卡",2小时,08:30_21:00
北京首都国际机场,"移动,全球通,移动全球通",N01918,北京首都国际机场,北京市,北京市,PEK,海航贵宾休息室(T2国内),T2航站楼,安检后,否,,"安检后33登机口对面""金鹏会员休息室”.",国内出发,WiFi，航班显示器，电视，报刊杂志，小食，茶水/饮料，餐食（冷/热），休息室休息,2小时,5:30-最晚出港航班
杭州萧山国际机场,"移动,全球通,移动全球通",N01919,杭州萧山国际机场,浙江省,杭州市,HGH,海航贵宾休息室(T3国内),T3航站楼,安检后,否,,安检后左转电梯上二楼‘’海航贵宾休息室.”,国内出发,"休息室休息,小食,茶水/饮料",2小时,最早海航航班起飞前93分钟-最晚海航航班登机
西安咸阳国际机场,"移动,全球通,移动全球通",N01920,西安咸阳国际机场,陕西省,西安市,XIY,海航贵宾休息室(T1国内),T1航站楼,安检后,是,航司休息室,"安检后5号登机口对面""海航金鹏阁休息室”.",国内出发,"报刊杂志,空调,茶水/饮料,小食,WiFi,支持虚拟卡",2小时,海航最早出港航班-最晚出港航班
乌鲁木齐地窝堡国际机场,"移动,全球通,移动全球通",N01922,乌鲁木齐地窝堡国际机场,新疆维吾尔自治区,乌鲁木齐市,URC,海航贵宾休息室(T2国内),T2航站楼,安检后,否,,"安检后12号登机口正对面""海航海翼轩(静态)贵宾休息室”.",国内出发,"休息室休息,小食,茶水/饮料",2小时,最早海航航班起飞前92分钟-最晚海航航班登机
太原武宿国际机场,"移动,全球通,移动全球通",N01923,太原武宿国际机场,山西省,太原市,TYN,海航贵宾休息室(T1国内),T1航站楼,安检后,否,,"安检后，右转,101登机口旁边""海航贵宾休息室”.",国内出发,"休息室休息,小食,茶水/饮料",2小时,最早海航航班起飞前91分钟-最晚海航航班登机
乌鲁木齐地窝堡国际机场,"移动,全球通,移动全球通",N01925,乌鲁木齐地窝堡国际机场,新疆维吾尔自治区,乌鲁木齐市,URC,嘉宾厅(T3国内),T3航站楼,安检后,否,,"C区安检后,下扶梯,近25号登机口旁""嘉宾休息室”.(康师傅私房面旁边)",国内出发,"WiFi,茶水/饮料,报刊杂志,小食",2小时,06:20 - 最晚航班
黄山屯溪国际机场,"移动,全球通,移动全球通",N01926,黄山屯溪国际机场,安徽省,黄山市,TXN,商务贵宾候机室,主航站楼,安检后,否,,"安检后,二层4号登机口对面""商务贵宾候机室”.",国内出发,"休息室休息,小食,茶水/饮料",2小时,根据当日航班运行情况开厅
唐山三女河机场,"移动,全球通,移动全球通",N01934,唐山三女河机场,河北省,唐山市,TVS,头等舱休息室,主航站楼,安检后,否,,"隔离区二楼""头等舱休息室”.",国内出发,"报刊杂志,空调,茶水/饮料,小食,WiFi",2小时,early-late-flight
铜仁凤凰机场,"移动,全球通,移动全球通",N01963,铜仁凤凰机场,贵州省,铜仁市,TEN,头等舱候机室,主航站楼,安检后,否,,"安检后右转上二楼,到达二楼后左转至贵宾室""头等舱候机室”.",国内出发,"茶水/饮料,小食,按摩椅,支持虚拟卡",2小时,航班开始直到航班结束
乌兰察布集宁机场,"移动,全球通,移动全球通",N02023,乌兰察布集宁机场,内蒙古自治区,乌兰察布市,UCB,头等舱候机室1,主航站楼,安检后,否,,二楼安检后右转100米,国内出发,"报刊杂志,电视,独立洗手间,空调,茶水/饮料,小食,广播提醒登机,人工提醒登机",2小时,航班起飞时间前90分钟
郑州新郑国际机场,"移动,全球通,移动全球通",N02075,郑州新郑国际机场,河南省,郑州市,CGO,商务休息室1（T2国内）,T2航站楼,安检后,否,,安检后，1号安检通道北侧电梯下3楼，行150米242登机口对面“头等舱候机室”,国内出发,"航班显示器,航班信息咨询,自助餐饮,充电,电视,电脑,独立洗手间,空调,茶水/饮料,小食,WiFi,支持虚拟卡",2小时,07:00_22:00
郑州新郑国际机场,"移动,全球通,移动全球通",N02076,郑州新郑国际机场,河南省,郑州市,CGO,商务休息室2（T2国内）,T2航站楼,安检后,否,,安检后，58号安检通道左侧电梯下三楼，直行约150米，234号登机口对面“头等舱休息室”,国内出发,"充电,观景区,报刊杂志,电视,电脑,独立洗手间,空调,茶水/饮料,小食,WiFi,支持虚拟卡,航班显示器,航班信息咨询,自助餐饮",2小时,07:00_22:00
北京首都国际机场,"移动,全球通,移动全球通",N02088,北京首都国际机场,北京市,北京市,PEK,北京首都V1休息室（T2国际）,T2航站楼,安检后,否,,"12号登机口旁""CIP国际休息室”",国际出发,"充电,茶水/饮料,小食,WiFi,支持虚拟卡,按摩椅,人工提醒登机",2小时,6:30-22:30
北京首都国际机场,"移动,全球通,移动全球通",N02089,北京首都国际机场,北京市,北京市,PEK,北京首都A1休息室（T3国际）,T3航站楼,安检后,否,,北京首都国际机场T3-E楼通过联检通道后在喷泉正后方乘坐专用玻璃直梯至一层休息室,国际出发,充电，茶水/饮料，小食、人工提醒登机、WiFi、支持虚拟卡,2小时,6:30-22:30
西安咸阳国际机场,"移动,全球通,移动全球通",N02092,西安咸阳国际机场,陕西省,西安市,XIY,海航贵宾休息室 (T2国内),T2航站楼,安检后,是,航司休息室,"安检后，右手边直走9号登机口对面""海航海翼轩休息室”.",国内出发,"空调,行李寄存,茶水/饮料,水果,小食,支持虚拟卡,打印,报刊杂志,电视,人工提醒登机,电脑,航班显示器,独立洗手间",2小时,海航最早出港航班-海航最晚航班
长沙黄花国际机场,"移动,全球通,移动全球通",N02134,长沙黄花国际机场,湖南省,长沙市,CSX,T1-2号头等舱贵宾室(T1国内),T1航站楼,安检后,否,,"安检后,右转约30米""T1-2号头等舱贵宾室”.",国内出发,"独立洗手间,小食,茶水/饮料,观景区",2小时,06:00_22:00
长沙黄花国际机场,"移动,全球通,移动全球通",N02135,长沙黄花国际机场,湖南省,长沙市,CSX,阅读书吧(T2国内),T2航站楼,安检后,否,,位置是T2候机楼靠近18~30号登机口,国内出发,"报刊杂志,小食,茶水/饮料",2小时,08:30_22:00
上海浦东国际机场,"移动,全球通,移动全球通",N02194,上海浦东国际机场,上海市,上海市,PVG,120贵宾室(S1国内卫星厅),T1航站楼,安检后,否,,"乘坐捷运到站后,乘坐站台电梯上至2楼前行至""120贵宾室”.",国内出发,"小食,茶水/饮料,空调,航班显示器,餐食（冷/热）",2小时,06:00-最晚航班
上海浦东国际机场,"移动,全球通,移动全球通",N02195,上海浦东国际机场,上海市,上海市,PVG,135贵宾室(S1国际卫星厅),T1航站楼,安检后,否,,"乘坐捷运到站后,乘电梯上至4楼前行至""135贵宾室”.",国际出发,"水果,餐食（冷/热）,报刊杂志,航班显示器,空调,茶水/饮料",2小时,06:00_23:00
上海浦东国际机场,"移动,全球通,移动全球通",N02196,上海浦东国际机场,上海市,上海市,PVG,190贵宾室(S2国内卫星厅),T2航站楼,安检后,否,,"乘坐捷运到站后,乘站台升降电梯至4楼前行至""190贵宾室”(或乘上行扶梯至2楼在190登机口或170登机口对面乘坐升降梯至4楼).",国内出发,"小食,茶水/饮料,餐食（冷/热）,空调,航班显示器",2小时,06:00 - 航班结束
上海浦东国际机场,"移动,全球通,移动全球通",N02197,上海浦东国际机场,上海市,上海市,PVG,170A贵宾室(S2国际卫星厅),T2航站楼,安检后,否,,"到达捷运站台,乘坐站台升降电梯上至4楼(或乘扶梯到达4楼后左侧直行)""170贵宾室”.",国际出发,"小食,茶水/饮料,餐食（冷/热）,航班显示器,空调",2小时,06:00_23:00
深圳宝安国际机场,"移动,全球通,移动全球通",N02225,深圳宝安国际机场,广东省,深圳市,SZX,国际公务舱贵宾休息室(T3国际),T3航站楼,安检后,否,,"右转直行9号登机口斜对面""国际公务舱贵宾休息室”.",国际出发,"电视,餐食（冷/热）,小食,茶水/饮料,水果,报刊杂志,支持虚拟卡",2小时,early-late-flight
和田昆冈机场,"移动,全球通,移动全球通",N02272,和田昆冈机场,新疆维吾尔自治区,和田市,HTN,两舱休息室,主航站楼,安检后,否,,"二楼四号登机口前行至""两舱休息室”.",国内出发,"小食,支持虚拟卡,空调,茶水/饮料",2小时,06:30-最晚航班
阿勒泰雪都机场,"移动,全球通,移动全球通",N02273,阿勒泰雪都机场,新疆维吾尔自治区,阿勒泰地区,AAT,两舱休息室,主航站楼,安检后,否,,安检后左手边50米两舱休息室,国内出发,"行李寄存,电视,报刊杂志,广播提醒登机,WiFi,茶水/饮料,小食",2小时,07:30-航班结束（航班起飞前2小时开放）
布尔津喀纳斯机场,"移动,全球通,移动全球通",N02274,布尔津喀纳斯机场,新疆维吾尔自治区,布尔津县,KJI,两舱休息室,T1航站楼,安检后,否,,"安检后直行至""两舱休息室”.",国内出发,"空调,茶水/饮料,小食,支持虚拟卡",2小时,最早航班起飞前90分钟开厅--最晚航班结束
富蕴机场,"移动,全球通,移动全球通",N02275,富蕴机场,新疆维吾尔自治区,富蕴市,FYN,两舱休息室(T1国内),T1航站楼,安检后,否,,富蕴机场候机楼登机口,国内出发,"空调,茶水/饮料,小食,支持虚拟卡",2小时,09:30-最晚航班
哈密机场,"移动,全球通,移动全球通",N02276,哈密机场,新疆维吾尔自治区,哈密市,HMI,贵宾休息室,主航站楼,安检后,否,,进入航站楼右前方按指示牌进入贵宾区内的两舱休息室,国内出发,"茶水/饮料,小食,支持虚拟卡,空调",2小时,最早航班起飞前2小时-最晚航班登机
图木舒克唐王城机场,"移动,全球通,移动全球通",N02277,图木舒克唐王城机场,新疆维吾尔自治区,图木舒克市,TWC,头等舱休息室,T1航站楼,安检后,否,,"安检后左侧直行至""头等舱休息室”",国内出发,"空调,茶水/饮料,小食,支持虚拟卡",2小时,航班起飞前2小时-出港结束
北京大兴国际机场,"移动,全球通,移动全球通",N02296,北京大兴国际机场,北京市,北京市,PKX,悦庭 Library Lounge,主航站楼,安检前,否,,网点位于航站楼东北指廊方向，在航站楼一层20号门进入主航站楼后，搭乘电梯上至二层，往东方向步行至【遨途机场酒店】入口。进入酒店后，可由酒店内部的电梯或楼梯去往位于一层的悦庭Library Lounge休息室,国内出发,"小食,茶水/饮料,酒精饮料（收费）,会议室（收费）,淋浴设施（收费）,航班显示器,残疾人通道,空调,WiFi,传真（收费）",2小时,05:30_22:00
宁波栎社国际机场,"移动,全球通,移动全球通",N02325,宁波栎社国际机场,浙江省,宁波市,NGB,商务易登机(T2国内),T2航站楼,安检前,是,优先安检,"(23号或者25号门进入)中间位置(机场问询柜台旁)至""商务易登机”柜台",国内出发,"接待柜台,优先安检通道,支持虚拟卡",2小时,08:30_19:00
宜宾五粮液机场,"移动,全球通,移动全球通",N02326,宜宾五粮液机场,四川省,宜宾市,YBP,头等舱候机室,T1航站楼,安检后,否,,"安检后左侧边直行""头等舱候机室”.",国内出发,"空调,茶水/饮料,小食,支持虚拟卡",2小时,08:00_21:00
桂林两江国际机场,"移动,全球通,移动全球通",N02333,桂林两江国际机场,广西壮族自治区,桂林市,KWL,贵宾接待柜台(T2国内),T2航站楼,安检前,是,协办值机、优先安检,"三楼出发厅B岛""贵宾接待柜台”(提供代表乘机手续、快速安检通道、安检后休息室等服务)",国内出发,"优先安检通道,协办行李托运,接待柜台",2小时,06:00_23:00
珠海金湾机场,"移动,全球通,移动全球通",N02370,珠海金湾机场,广东省,珠海市,ZUH,B区头等舱休息室,主航站楼,安检后,否,,二层国内出发大厅，B区安检后，直行至11号登机口对面“头等舱休息室”,国内出发,"茶水/饮料,小食,人工提醒登机,支持虚拟卡,空调",2小时,early-late-flight
珠海金湾机场,"移动,全球通,移动全球通",N02371,珠海金湾机场,广东省,珠海市,ZUH,A区头等舱休息室,主航站楼,安检后,否,,二层国内出发大厅，A区安检后，左侧“头等舱休息室”,国内出发,"空调,茶水/饮料,小食,人工提醒登机",2小时,early-late-flight
上海浦东国际机场,"移动,全球通,移动全球通",N02393,上海浦东国际机场,上海市,上海市,PVG,南航152号贵宾休息室(S2国内卫星厅),T2航站楼,安检后,是,头等舱同款,"乘小火车到站后,乘坐电梯上至4楼""南航休息室”",国内出发,"休息室休息,小食,茶水/饮料",2小时,05:30-南航航班结束
上海虹桥国际机场,"移动,全球通,移动全球通,广州银行,广州银行龙腾卡",N02394,上海虹桥国际机场,上海市,上海市,SHA,南航明珠贵宾休息室V26(T2国内),T2航站楼,安检后,是,头等舱同款,"安检后，向右直行至""南航明珠贵宾休息室V26”",国内出发,"休息室休息,小食,茶水/饮料",2小时,09:00-最晚航班
北京大兴国际机场,"移动,全球通,移动全球通",N02417,北京大兴国际机场,北京市,北京市,PKX,南航金/银卡会员休息室(2),主航站楼,安检后,是,航司休息室,大兴机场航站楼国内出发二层B指廊端33号登机口旁,国内出发,"传真,航班显示器,独立洗手间,空调,酒精饮料,餐食（冷/热）,素食,小食,淋浴设施,儿童游乐区,茶水/饮料,水果,WiFi,母婴室",2小时,06:00_20:30
衡阳南岳机场,"移动,全球通,移动全球通",N02425,衡阳南岳机场,湖南省,衡阳市,HNY,头等舱候机室,主航站楼,安检后,否,,"左转2号登机口对面""头等舱候机室”.",国内出发,"空调,茶水/饮料,小食,WiFi",2小时,最早航班-最晚航班(提前90分钟开放)
南京禄口国际机场,"移动,全球通,移动全球通",N02448,南京禄口国际机场,江苏省,南京市,NKG,接待柜台(T1国内),T1航站楼,安检前,是,优先安检、安检后休息室,安检前，步行至F岛正对面，登机问询处.(提供快速安检通道、及安检后商务贵宾休息室(V9)服务).,国内出发,"休息室休息,小食,茶水/饮料，专用通道",2小时,05:20_22:00
南京禄口国际机场,"移动,全球通,移动全球通",N02449,南京禄口国际机场,江苏省,南京市,NKG,V9商务贵宾休息室(T1国内),T1航站楼,安检后,否,,"安检后,右转步行约500米,乘电梯上楼到达""V9商务贵宾休息室”.",国内出发,"广播提醒登机,传真,电视,电脑,航班显示器,空调,茶水/饮料,水果,小食",2小时,05:20 - 最晚航班
北京首都国际机场,"移动,全球通,移动全球通",N02471,北京首都国际机场,北京市,北京市,PEK,北京首都T2常旅客会员接待柜台,T2航站楼,安检前,是,优先安检、安检后休息室,"安检前,18号安检通道旁",国内出发,接待柜台,2小时,06:00_20:00
北京首都国际机场,"移动,全球通,移动全球通",N02472,北京首都国际机场,北京市,北京市,PEK,北京首都T3常旅客会员接待柜台,T3航站楼,安检前,是,优先安检、安检后休息室,T3-C区最左侧头等舱安检通道旁,国内出发,接待柜台,2小时,05:30_22:00
杭州萧山国际机场,"移动,全球通,移动全球通",N02478,杭州萧山国际机场,浙江省,杭州市,HGH,头等舱休息室9(T3国内),T3航站楼,安检后,否,,"安检后,左转直行约100米",国内出发,"报刊杂志,茶水/饮料",2小时,06:30_22:00
深圳宝安国际机场,"移动,全球通,移动全球通",N02503,深圳宝安国际机场,广东省,深圳市,SZX,南航明珠俱乐部V2厅(T3国内),T3航站楼,安检后,是,头等舱同款,27号登机口对面即可到达南航明珠俱乐部V2厅,国内出发,"茶水/饮料,母婴室,打印,报刊杂志,电视,电脑,独立洗手间,儿童游乐区,行李寄存,水果,小食,按摩椅,WiFi,酒精饮料,餐食（冷/热）",2小时,05:30_20:30
榆林榆阳机场,"移动,全球通,移动全球通",N02506,榆林榆阳机场,陕西省,榆林市,UYN,头等舱休息室(T2国内),主航站楼,安检后,否,,"安检后,左手直走50米,H08登机口对面.",国内出发,"广播提醒登机,人工提醒登机,WiFi,报刊杂志,电视,航班显示器,独立洗手间,空调,茶水/饮料,小食",2小时,最早航班-最晚航班（航班起飞前2小时开放）
兴义万峰林机场,"移动,全球通,移动全球通",N02508,兴义万峰林机场,贵州省,兴义市,ACX,头等舱休息室01(T2国内),T2航站楼,安检后,否,,一楼3号登机口旁边,国内出发,"小食,广播提醒登机,人工提醒登机,按摩椅,WiFi,报刊杂志,电视,独立洗手间,空调,接待柜台,茶水/饮料",2小时,early-late-flight
西安咸阳国际机场,"移动,全球通,移动全球通",N02560,西安咸阳国际机场,陕西省,西安市,XIY,迅邦达头等舱贵宾休息室(T2国内),T2航站楼,安检前,是,优先安检,T2航站楼 224 门内西侧安检区域迅邦达验证台,国内出发,优先安检通道,2小时,06:30_22:30
西安咸阳国际机场,"移动,全球通,移动全球通",N02561,西安咸阳国际机场,陕西省,西安市,XIY,迅邦达贵宾接待中心(T3国内),T3航站楼,安检前,是,协办值机、优先安检,"安检前,T3航站楼出发层324入口出左侧位置",国内出发,"优先安检通道,代办行李托运,代办登机手续",2小时,06:30_22:30
阿克苏机场,"移动,全球通,移动全球通",N02584,阿克苏机场,新疆维吾尔自治区,阿克苏市,AKU,头等舱候机室(T2国内),T2航站楼,安检后,否,,"安检后右拐上扶梯,到达""头等舱休息室”.",国内出发,"空调,茶水/饮料,水果,小食,广播提醒登机",2小时,early-late-flight
南京禄口国际机场,"移动,全球通,移动全球通",N02628,南京禄口国际机场,江苏省,南京市,NKG,头等舱休息室V8（T1国内）,T1航站楼,安检后,否,,"安检后,右转步行约500米乘电梯上至二楼.",国内出发,"休息室休息,小食,茶水/饮料",2小时,根据当日航班运行情况开厅
舟山普陀山机场,"移动,全球通,移动全球通",N02650,舟山普陀山机场,浙江省,舟山市,HSN,头等舱候机室,主航站楼,安检后,否,,安检后，右转直行至5号登机口旁“头等舱候机室”,国内出发,"报刊杂志,航班信息咨询,null,电视,茶水/饮料,小食,WiFi",2小时,07:10 - 最晚航班
长春龙嘉国际机场,"移动,全球通,移动全球通",N02686,长春龙嘉国际机场,吉林省,长春市,CGQ,头等舱候机室(T2国内),T2航站楼,安检后,否,,安检内右转27号登机口附近,国内出发,"小食,广播提醒登机,WiFi,餐食（冷/热）,报刊杂志,电视,电脑,独立洗手间,空调,水果",2小时,early-late-flight
惠州平潭机场,"移动,全球通,移动全球通",N02687,惠州平潭机场,广东省,惠州市,HUZ,商务贵宾室(T2国内),T2航站楼,安检后,否,,"安检后直走,左转二楼小夹层直走即可到达商务贵宾室",国内出发,"休息室休息,小食,茶水/饮料",2小时,06:00 - 最晚航班
宁波栎社国际机场,"移动,全球通,移动全球通",N02692,宁波栎社国际机场,浙江省,宁波市,NGB,甬忆贵宾室(T2国内),T2航站楼,安检后,否,,安检后右转直走至尽头,国内出发,"广播提醒登机,WiFi,报刊杂志,电脑,航班显示器,独立洗手间,空调,接待柜台,茶水/饮料,水果,小食",2小时,08:30_19:30
丽江三义机场,"移动,全球通,移动全球通",N02702,丽江三义机场,云南省,丽江市,LJG,头等舱休息室2号(T2国内),主航站楼,安检后,否,,"安检后,右转直行50米,楼梯左侧",国内出发,"电视,行李寄存,茶水/饮料,小食,广播提醒登机,人工提醒登机,WiFi,报刊杂志",2小时,09:00_17:00
北京大兴国际机场,"移动,全球通,移动全球通",N02716,北京大兴国际机场,北京市,北京市,PKX,CHUM嘉宾休息室,主航站楼,安检后,否,,大兴机场二层B指廊B20登机口浮岛,国内出发,"小食,WiFi,餐食（冷/热）,酒精饮料,报刊杂志,茶水/饮料,水果",2小时,06:30_22:30
长沙黄花国际机场,"移动,全球通,移动全球通",N02768,长沙黄花国际机场,湖南省,长沙市,CSX,16号头等舱贵宾室(T2国内),T2航站楼,安检后,否,,"安检后右转直行约200米,下电梯后右转直行约50米至""16号等舱贵宾室""",国内出发,"茶水/饮料,小食,淋浴设施,独立洗手间,打印",2小时,07:00_22:00
青岛胶东国际机场,"移动,全球通,移动全球通",N02799,青岛胶东国际机场,山东省,青岛市,TAO,环亚机场贵宾室V1(T1国内),T1航站楼,安检后,否,,"安检后,A指廊01登机口斜对面",国内出发,"报刊杂志,空调,电视,航班显示器,素食,茶水/饮料,水果,小食,WiFi,餐食（冷/热）,淋浴设施（收费）,母婴室",2小时,05:30_22:30
拉萨贡嘎机场,"移动,全球通,移动全球通",N02817,拉萨贡嘎机场,西藏自治区,拉萨市,LXA,高舱位休息室(T3国内),T3航站楼,安检后,否,,西指廊18-19号登机口之间,国内出发,"小食,茶水/饮料,电视,WiFi,广播提醒登机",2小时,06:00_21:30
北京首都国际机场,"移动,全球通,移动全球通",N02824,北京首都国际机场,北京市,北京市,PEK,北京首都V3休息室（T2国内）,T2航站楼,安检后,是,特色休息室、安检前“北京首都T2常旅客会员接待柜台”享优先安检,安检后，位于32号与33号登机口中间,国内出发,"充电,小食,WiFi,支持虚拟卡,航班显示器,航班信息咨询,茶水/饮料",2小时,06:30_22:30
成都双流国际机场,"移动,全球通,移动全球通",N02852,成都双流国际机场,四川省,成都市,CTU,头等舱/公务舱候机室（T2国内）,T2航站楼,安检后,否,,DE区域安检后，E指廊144登机口旁边,国内出发,"广播提醒登机,航班显示器,独立洗手间,睡眠区,电视,小食,茶水/饮料,WiFi,报刊杂志",2小时,06:00_23:00
临汾尧都机场,"移动,全球通,移动全球通",N02857,临汾尧都机场,山西省,临汾市,LFQ,VIP贵宾休息室（二层）,主航站楼,安检后,否,,安检后左转，1号登机口斜对面,国内出发,"小食,广播提醒登机,打印,报刊杂志,空调,WiFi,茶水/饮料",2小时,09:00_18:00
北京首都国际机场,"移动,全球通,移动全球通",N02865,北京首都国际机场,北京市,北京市,PEK,北京首都V5休息室（T2国内）,T2航站楼,安检后,是,特色休息室、安检前“北京首都T2常旅客会员接待柜台”享优先安检,安检后，35号登机口对面,国内出发,"茶水/饮料,航班显示器,航班信息咨询,WiFi,小食",2小时,06:30_22:30
庆阳机场,"移动,全球通,移动全球通",N02866,庆阳机场,甘肃省,庆阳市,IQN,3号贵宾室,主航站楼,安检前,是,协办值机、优先安检,进入航站楼，安检前左侧直行100米“VIP贵宾厅”,国内出发,"电话,WiFi,报刊杂志,航班信息咨询,代办行李托运,代办登机手续,饮料,小食,人工提醒登机,休息室安检通道,电视",2小时,根据航班时间确定
海口美兰国际机场,"移动,全球通,移动全球通",N02872,海口美兰国际机场,海南省,海口市,HAK,国际头等舱休息室（T2国际）,T2航站楼,安检后,否,,位于隔离区内44号登机口对面，上四楼,国际出发,"茶水/饮料,小食,自助餐饮,报刊杂志,航班信息咨询",2小时,early-late-flight
井冈山机场,"移动,全球通,移动全球通",N02883,井冈山机场,江西省,吉安市,JGS,头等舱休息室,主航站楼,安检后,否,,安检后，隔离候机区，出发厅二楼上楼右转50米,国内出发,"航班显示器,茶水/饮料,小食",2小时,early-late-flight
深圳宝安国际机场,"移动,全球通,移动全球通",N02923,深圳宝安国际机场,广东省,深圳市,SZX,国内贵宾休息室3（国内卫星厅）,T3航站楼,安检后,是,头等舱同款,旅客抵达卫星厅后，乘扶梯上至三层，根据标识牌前往541登机口，乘荣耀HONOR品牌店旁的电梯上至四层,国内出发,"独立洗手间,空调,餐食（冷/热）,小食,茶水/饮料,WiFi,报刊杂志,电视,自助餐,航班显示器",2小时,07:00_22:00
三亚凤凰国际机场,"移动,全球通,移动全球通",N02929,三亚凤凰国际机场,海南省,三亚市,SYX,V2头等舱休息室（T2国内）,T2航站楼,安检后,否,,位于 T2 航站楼，安检后，左转直行约100米夹层 （216 号登机口对面夹层）,国内出发,"空调,行李寄存,WiFi,水果,自助餐饮,报刊杂志,小食,茶水/饮料,航班信息咨询,广播提醒登机,电脑,电视,航班显示器,独立洗手间",2小时,06:00—00：00 （根据航班时间）
三亚凤凰国际机场,"移动,全球通,移动全球通",N02945,三亚凤凰国际机场,海南省,三亚市,SYX,V3头等舱休息室（T1国内）,T1航站楼,安检后,否,,位于T1航站楼，安检后，右转直行约50米，207登机口对面,国内出发,"航班信息咨询,空调,航班显示器,独立洗手间,行李寄存,WiFi,水果,茶水/饮料,小食,自助餐饮,报刊杂志,广播提醒登机,电视,电脑",2小时,06:00—00：00 （根据航班时间）
海口美兰国际机场,"移动,全球通,移动全球通",N02949,海口美兰国际机场,海南省,海口市,HAK,海航贵宾室（T2国内）,T2航站楼,安检后,否,,从三楼（出发层）通过安检后，前行约3分钟后乘坐直达电梯到达四楼贵宾室休息,国内出发,"休息室休息,小食,茶水/饮料",2小时,最早海航航班起飞前90分钟-最晚海航航班登机
贵阳龙洞堡国际机场,"移动,全球通,移动全球通",N02957,贵阳龙洞堡国际机场,贵州省,贵阳市,KWE,贵宾休息室(T3国内 ),T3航站楼,安检后,否,,安检后，向左直行至406登机口斜对面，扶手电梯下楼即可到达“头等舱休息室”,国内出发,"广播提醒登机,小食,茶水/饮料,餐食（冷/热）,WiFi,空调,航班显示器,航班信息咨询",2小时,early-late-flight
济南遥墙国际机场,"移动,全球通,移动全球通",N03011,济南遥墙国际机场,山东省,济南市,TNA,贵宾C区,主航站楼,安检前,是,协办值机、优先安检,二楼出发6号门进入，正对安检二区待检区左手“贵宾C区”,国内出发,"人工提醒登机,独立洗手间,行李寄存,商务区,代办登机手续,代办行李托运,优先安检通道,WiFi,小食,茶水/饮料,航班显示器",2小时,06:00_20:30
海口美兰国际机场,"移动,全球通,移动全球通",N03035,海口美兰国际机场,海南省,海口市,HAK,商务休息室1（T2国内）,T2航站楼,安检后,否,,安检后右转，43号登机口对面,国内出发,"水果,酒精饮料,WiFi,茶水/饮料,小食,报刊杂志,自助餐饮,航班信息咨询",2小时,06:00_22:00
衢州机场,"移动,全球通,移动全球通",N03036,衢州机场,浙江省,衢州市,JUZ,国内头等舱休息室,主航站楼,安检后,否,,安检后左转，直行20米左右。,国内出发,"茶水/饮料,小食,人工提醒登机,广播提醒登机",2小时,首个航班值机开始--最后一个航班登机
台州路桥机场,"移动,全球通,移动全球通",N03037,台州路桥机场,浙江省,台州市,HYN,国内头等舱休息室,主航站楼,安检后,否,,安检后左转，直行100米左右；,国内出发,"茶水/饮料,小食,人工提醒登机,广播提醒登机",2小时,07：00--最后一个航班登机
义乌机场,"移动,全球通,移动全球通",N03038,义乌机场,浙江省,义乌市,YIW,国内头等舱休息室,主航站楼,安检后,否,,安检后左转，直行100米左右。,国内出发,"广播提醒登机,茶水/饮料,小食,人工提醒登机",2小时,首个航班值机开始--最后一个航班登机
贵阳龙洞堡国际机场,"移动,全球通,移动全球通",N03096,贵阳龙洞堡国际机场,贵州省,贵阳市,KWE,南航贵宾室（T3国内）,T3航站楼,安检后,是,航司休息室,安检后左转，407登机口左前方下扶梯,国内出发,"休息室休息,小食,茶水/饮料",2小时,05:30_22:00
深圳宝安国际机场,"移动,全球通,移动全球通",N03102,深圳宝安国际机场,广东省,深圳市,SZX,南航贵宾室（国内卫星厅）,卫星厅,安检后,是,头等舱同款,安检后，扶手电梯下负一层，坐捷运至卫星厅，560登机口楼上,国内出发,"独立洗手间,小食,茶水/饮料,水果,餐食（冷/热）,WiFi,按摩椅,报刊杂志,电视",2小时,6：30-南航航班最晚出港结束
福州长乐国际机场,"移动,全球通,移动全球通",N03181,福州长乐国际机场,福建省,福州市,FOC,“海云端”商务休息室,主航站楼,安检前,否,,安检外出发厅1号门F岛F06号值机岛对面,国内出发,"人工提醒登机,报刊杂志,茶水/饮料",2小时,06:00_21:00
淮安涟水机场,"移动,全球通,移动全球通",N03194,淮安涟水机场,江苏省,淮安市,HIA,商务休息室,主航站楼,安检后,否,,安检后，电梯右转直走60米“商务休息室”,国内出发,"空调,小食,茶水/饮料,WiFi,打印,接待柜台,广播提醒登机,人工提醒登机,航班显示器,按摩椅",2小时,08:30_20:30
芜湖宣州机场,"移动,全球通,移动全球通",N03197,芜湖宣州机场,安徽省,芜湖市,WHA,畅行商贵宾厅,主航站楼,安检后,否,,安检后，一层1-6号登机口，扶手电梯旁“畅行商旅”贵宾厅,国内出发,"接待柜台,航班显示器,叫醒服务,广播提醒登机,空调,小食,茶水/饮料,WiFi,电视",2小时,07:00_21:30
东营胜利机场,"移动,全球通,移动全球通",N03202,东营胜利机场,山东省,东营市,DOY,头等舱休息室,主航站楼,安检后,否,,安检后，3号登机口对面头等舱休息室,国内出发,"小食,饮料,人工提醒登机,电视,航班显示器",2小时,early-late-flight
上饶三清山机场,"移动,全球通,移动全球通",N03204,上饶三清山机场,江西省,上饶市,SQD,头等舱旅客休息室,主航站楼,安检后,否,,安检后，上直梯后右转“头等舱候机室”,国内出发,"充电,面食,空调,小食,茶水/饮料,WiFi,报刊杂志,电视",2小时,early-late-flight
营口兰旗机场,"移动,全球通,移动全球通",N03214,营口兰旗机场,辽宁省,营口市,YKH,头等舱休息室,主航站楼,安检后,否,,安检后，扶梯上至二楼右转20米“头等舱休息室”,国内出发,"母婴室,报刊杂志,小食,茶水/饮料,广播提醒登机",2小时,最早航班-最晚航班（航班起飞前2小时开放）
龙岩冠豸山机场,"移动,全球通,移动全球通",N03218,龙岩冠豸山机场,福建省,龙岩市,LCX,1号贵宾室,主航站楼,安检后,否,,安检后，左边15米“贵宾休息室”,国内出发,"报刊杂志,人工提醒登机,广播提醒登机,空调,独立洗手间,茶水/饮料,传真,电视",2小时,early-late-flight
邯郸机场,"移动,全球通,移动全球通",N03234,邯郸机场,河北省,邯郸市,HDG,VIP贵宾休息室（国内）,主航站楼,安检后,否,,安检后，左转12号登机口对面,国内出发,"广播提醒登机,人工提醒登机,电视,报刊杂志,小食,茶水/饮料",2小时,最早航班-最晚航班（航班起飞前90分钟开放）
克拉玛依机场,"移动,全球通,移动全球通",N03238,克拉玛依机场,新疆维吾尔自治区,克拉玛依市,KRY,嘉宾旅客休息室（国内）,主航站楼,安检后,否,,安检后，扶梯旁“嘉宾旅客服务台”验证后乘扶梯上二楼,国内出发,"茶水/饮料,小食,航班信息咨询,广播提醒登机,人工提醒登机,电视,空调,WiFi",2小时,最早航班-最晚航班（航班起飞前2小时开放）
阜阳西关机场,"移动,全球通,移动全球通",N03239,阜阳西关机场,安徽省,阜阳市,FUG,头等舱/商务舱候机室V3,主航站楼,安检后,否,,国内出发安检后，右手手边约30米，A5登机口对面“头等舱/商务舱候机室V3”,国内出发,"广播提醒登机,航班信息咨询,空调,独立洗手间,WiFi,充电,按摩椅,电视,航班显示器,报刊杂志,小食,茶水/饮料",2小时,early-late-flight
莎车叶尔羌机场,"移动,全球通,移动全球通",N03242,莎车叶尔羌机场,新疆维吾尔自治区,莎车县,QSZ,头等舱候机室（国内）,主航站楼,安检后,否,,安检后，扶梯上二楼直走4号登机口对面“头等舱候机室”,国内出发,"独立洗手间,空调,电视,茶水/饮料,小食",2小时,最早航班-最晚航班（航班起飞前2小时开放）
库车龟兹机场,"移动,全球通,移动全球通",N03249,库车龟兹机场,新疆维吾尔自治区,库车市,KCA,两舱金银卡休息室（国内）,主航站楼,安检后,否,,安检后，左侧15米处,国内出发,"报刊杂志,电视,人工提醒登机,广播提醒登机,茶水/饮料,小食,空调",2小时,最早航班-最晚航班（航班起飞前2小时开放）
塔城机场,"移动,全球通,移动全球通",N03293,塔城机场,新疆维吾尔自治区,塔城市,TCG,头等舱候机室,主航站楼,安检后,否,,安检后，上电梯二楼1号登机口对面,国内出发,"母婴室,空调,广播提醒登机,小食,电视",2小时,最早航班-最晚航班（航班起飞前2小时开放）
嘉峪关机场,"移动,全球通,移动全球通",N03297,嘉峪关机场,甘肃省,嘉峪关市,JGN,易行商旅VIP,主航站楼,安检后,否,,安检后，二楼电梯对面,国内出发,"报刊杂志,小食,航班信息咨询,广播提醒登机,人工提醒登机,母婴室,茶水/饮料,WiFi",2小时,08:00_10:00
合肥新桥国际机场,"移动,全球通,移动全球通",N03300,合肥新桥国际机场,安徽省,合肥市,HFE,商务贵宾厅（安检后）,T1航站楼,安检后,否,,安检后，右手至A8号登机口对面,国内出发,"WiFi,观景区,餐食（冷/热）,报刊杂志,电视,茶水/饮料,小食,面食,航班信息咨询,空调,独立洗手间",2小时,06:30_22:00
杭州萧山国际机场,"移动,全球通,移动全球通",N03304,杭州萧山国际机场,浙江省,杭州市,HGH,贵宾休息室VIP16（T4国内）,T4航站楼,安检后,否,,安检后，向左走100米,国内出发,"茶水/饮料,报刊杂志",2小时,06:30_22:00
杭州萧山国际机场,"移动,全球通,移动全球通",N03311,杭州萧山国际机场,浙江省,杭州市,HGH,贵宾休息室V26(T4国内）,T4航站楼,安检前,是,优先安检,进入T4航站楼29号门后左侧,国内出发,"茶水/饮料,小食,优先安检通道",2小时,06:30_22:00
杭州萧山国际机场,"移动,全球通,移动全球通",N03314,杭州萧山国际机场,浙江省,杭州市,HGH,贵宾室V25（T4国际）,T4航站楼,安检后,否,,安检后，左转20米左右2层,国际出发,"观影区,儿童游乐区,小食,茶水/饮料,广播提醒登机",2小时,07:00_23:00
连云港花果山机场,"移动,全球通,移动全球通",N03317,连云港花果山机场,江苏省,连云港市,LYG,头等舱候机室,主航站楼,安检后,否,,安检后，左转直行约10米，4号登机口对面“头等舱候机室”,国内出发,"空调,人工提醒登机,航班信息咨询,茶水/饮料,小食",2小时,early-late-flight
延吉朝阳川机场,"移动,全球通,移动全球通",N03320,延吉朝阳川机场,吉林省,延吉市,YNJ,头等舱公务舱休息室,主航站楼,安检后,否,,安检后，右转直行50米左右“头等舱公务舱休息室”,国内出发,"报刊杂志,电视,小食,茶水/饮料,独立洗手间,空调,航班信息咨询,人工提醒登机,广播提醒登机",2小时,06:00-出港航班结束
呼和浩特白塔国际机场,"移动,全球通,移动全球通,广州银行,广州银行龙腾卡",N03331,呼和浩特白塔国际机场,内蒙古自治区,呼和浩特市,HET,5号头等舱休息室（国内）,T2航站楼,安检后,否,,安检后，16登机口对面,国内出发,"茶水/饮料,小食,航班信息咨询,广播提醒登机,电视,WiFi",2小时,6:00-夜航结束
义乌机场,"移动,全球通,移动全球通",N03338,义乌机场,浙江省,义乌市,YIW,国际头等舱休息室,主航站楼,安检后,否,,国际候机厅，安检内左拐，2号登机口左侧,国际出发,"茶水/饮料,小食",2小时,early-late-flight
深圳宝安国际机场,"移动,全球通,移动全球通",N03339,深圳宝安国际机场,广东省,深圳市,SZX,国内贵宾休息室2（T3国内）,T3航站楼,安检后,是,头等舱同款,T3航站楼，安检后，下扶梯至3楼直行至39号登机口对面“深圳机场国内贵宾休息室2”,国内出发,"电视,报刊杂志,按摩椅,电脑,空调,自助餐饮,小食,茶水/饮料,航班显示器",2小时,07:00_22:00
北京首都国际机场,"移动,全球通,移动全球通",N03376,北京首都国际机场,北京市,北京市,PEK,首都机场川航,T2航站楼,安检后,是,头等舱同款,T2航站楼国内出发，过3-10号安检通道后，往33号登机口直行约100米,国内出发,"休息室休息,小食,茶水/饮料",2小时,川航最早航班-川航最晚航班
成都天府国际机场,"移动,全球通,移动全球通",N03377,成都天府国际机场,四川省,成都市,TFU,川航两舱休息室（T2国内）,T2航站楼,安检后,否,,安检后，214登机口对面,国内出发,"酒精饮料,水果,接待柜台,小食,茶水/饮料,餐食（冷/热）,空调,母婴室,独立洗手间,WiFi,电视,儿童游乐区,报刊杂志,观景区,行李寄存,面食",2小时,early-late-flight
绵阳南郊机场,"移动,全球通,移动全球通",N03417,绵阳南郊机场,四川省,绵阳市,MIG,头等舱休息室（T2国内）,T2航站楼,安检后,否,,安检后，右转后走约20~30米左右，1号登机口正对面“头等舱休息室”,国内出发,"广播提醒登机,报刊杂志,WiFi,小食,茶水/饮料",2小时,early-late-flight
三亚凤凰国际机场,"移动,全球通,移动全球通",N03458,三亚凤凰国际机场,海南省,三亚市,SYX,V1头等舱休息室（T1国内）,T1航站楼,安检后,否,,"安检后，211号登机口,对面，直梯后面“V1头等舱候机室”",国内出发,"独立洗手间,接待柜台,航班显示器,航班信息咨询,广播提醒登机,自助餐饮,小食,水果,茶水/饮料,WiFi,报刊杂志,行李寄存,空调,电视,电脑",2小时,06:00-23:59
昆明长水国际机场,"移动,全球通,移动全球通",N03513,昆明长水国际机场,云南省,昆明市,KMG,昆明航空V19休息厅,主航站楼,安检后,是,头等舱同款,安检后，右转直行至29号登机口下楼“昆明航空尊享阁V19休息厅”,国内出发,"餐食（冷/热）,面食,接待柜台,广播提醒登机,WiFi,电视,按摩椅,报刊杂志,航班信息咨询,小食,茶水/饮料,水果",2小时,05:20_22:00
昆明长水国际机场,"移动,全球通,移动全球通",N03514,昆明长水国际机场,云南省,昆明市,KMG,昆明航空V20休息厅,主航站楼,安检后,是,航司休息室,安检后，右转直行至46号登机口下楼“昆明航空尊享阁V20休息厅”,国内出发,"人工提醒登机,电脑,广播提醒登机,航班信息咨询,小食,茶水/饮料,水果,接待柜台,母婴室,WiFi,电视,按摩椅,儿童游乐区,报刊杂志",2小时,05:20_22:00
北京大兴国际机场,"移动,全球通,移动全球通",N03553,北京大兴国际机场,北京市,北京市,PKX,南航金/银卡会员休息室3,主航站楼,安检后,是,航司休息室,大兴机场航站楼国内出发三层西侧两舱安检后右侧50米,国内出发,"小食,报刊杂志,按摩椅,茶水/饮料,餐食（冷/热）",2小时,04:30-当日南航出港航班结束
北京大兴国际机场,"移动,全球通,移动全球通",N03563,北京大兴国际机场,北京市,北京市,PKX,南航国际休息室,主航站楼,安检后,是,头等舱同款,四层海关安检后右侧50米处 南航国际休息室,国际出发,"餐食（冷/热）,行李寄存,小食,茶水/饮料",2小时,06:00-当日南航国际出港航班起飞前3小时开放
兰州中川国际机场,"移动,全球通,移动全球通",N03596,兰州中川国际机场,甘肃省,兰州市,LHW,T2头等舱休息室（国内）,T2航站楼,安检后,否,,安检后向左，109登机口旁上二楼“头等舱休息室”,国内出发,"按摩椅,支持虚拟卡,WiFi,餐食（冷/热）,打印,报刊杂志,电视,航班显示器,茶水/饮料,小食",2小时,06:00_22:00
乌鲁木齐地窝堡国际机场,"移动,全球通,移动全球通",N03598,乌鲁木齐地窝堡国际机场,新疆维吾尔自治区,乌鲁木齐市,URC,雪都阿勒泰会客厅（T3国内）,T3航站楼,安检后,否,,T3航站楼安检后下电梯，右手AC连廊A区入口处向里30米处“雪都阿勒泰会客厅”,国内出发,"茶水,报刊杂志,小食,人工提醒登机",2小时,07:00-20:30
西安咸阳国际机场,"移动,全球通,移动全球通",N03622,西安咸阳国际机场,陕西省,西安市,XIY,南航明珠贵宾休息室（T3国内）,T3航站楼,安检后,是,航司休息室,安检后，乘左边扶梯下电梯，向前直行100米，前往“中国南方航空明珠贵宾休息室”,国内出发,"广播提醒登机,行李寄存,自助餐饮,面食,WiFi,打印,按摩椅,充电,电视,报刊杂志,观景区,独立洗手间,餐食（冷/热）,水果,茶水/饮料,小食",2小时,05:30_22:00
阿拉尔塔里木机场,"移动,全球通,移动全球通",N03623,阿拉尔塔里木机场,新疆维吾尔自治区,阿拉尔市,ACF,头等舱候机室（国内）,主航站楼,安检后,否,,安检后左转“头等舱候机室”,国内出发,"报刊杂志,电视,小食,茶水/饮料,独立洗手间,广播提醒登机,人工提醒登机",2小时,最早航班-最晚航班（航班起飞前2小时开放）
呼和浩特白塔国际机场,"移动,全球通,移动全球通",N03641,呼和浩特白塔国际机场,内蒙古自治区,呼和浩特市,HET,头等舱休息室4（国内）,T2航站楼,安检后,否,,安检后右转14号登机口对面,国内出发,"广播提醒登机,空调,小食,茶水/饮料,WiFi,充电,报刊杂志,电视",2小时,07:00_22:00
博乐阿拉山口机场,"移动,全球通,移动全球通",N03645,博乐阿拉山口机场,新疆维吾尔自治区,博乐市,BPL,头等舱休息室（主航站楼国内）,主航站楼,安检后,否,,安检后右侧，2号登机口附近“头等舱休息室”,国内出发,"空调,小食,茶水/饮料,充电,电视,报刊杂志,人工提醒登机,广播提醒登机",2小时,08:00_21:00
格尔木机场,"移动,全球通,移动全球通",N03651,格尔木机场,青海省,格爾木市,GOQ,头等舱休息室（T2）,T2航站楼,安检后,否,,安检后乘扶梯上二楼后直行50米“头等舱候机室”,国内出发,"报刊杂志,航班显示器,人工提醒登机,广播提醒登机,空调,行李寄存,小食,茶水/饮料,WiFi,充电,电视",2小时,航班起飞前2小时开放
青岛胶东国际机场,"移动,全球通,移动全球通",N03714,青岛胶东国际机场,山东省,青岛市,TAO,国际贵宾室VIP CLUB2（T1国际）,T1航站楼,安检后,否,,安检后，直行下至“VIPClub2”休息室,国际出发,"航班信息咨询,独立洗手间,WiFi,充电,面食,自助餐饮,茶水/饮料,小食,行李寄存,电视,报刊杂志,水果,航班显示器,广播提醒登机,叫醒服务,酒精饮料,母婴室,空调",2小时,06:30_22:00
张家界荷花机场,"移动,全球通,移动全球通,中荷人寿,中荷人寿龙腾卡",N03716,张家界荷花机场,湖南省,张家界市,DYG,4号头等舱候机室（T2国际）,T2航站楼,安检后,否,,安检后，直行100米，右转直行50米“4号头等舱候机室”,国际出发,"电视,报刊杂志,广播提醒登机,航班信息咨询,WiFi,充电,空调,小食,茶水/饮料",2小时,国际最早航班起飞前2小时开厅-22:00关厅
北京首都国际机场,"移动,全球通,移动全球通",N03717,北京首都国际机场,北京市,北京市,PEK,北京首都V6休息室（T2国内）,T2航站楼,安检后,是,特色休息室、安检前“北京首都T2常旅客会员接待柜台”享优先安检,北京首都机场T2航站楼安检后21号登机口斜对面,国内出发,"餐食（冷/热）,航班信息咨询,航班显示器,空调,WiFi,充电,小食,茶水/饮料",2小时,6:30-22:30
北京首都国际机场,"移动,全球通,移动全球通",N03718,北京首都国际机场,北京市,北京市,PEK,北京首都A2休息室（T3-国内）,T3航站楼,安检后,是,特色休息室、安检前“北京首都T3常旅客会员接待柜台”享优先安检,首都机场T3航站楼国内隔离区内C34、C35登机口旁,国内出发,"航班信息咨询,航班显示器,小食,茶水/饮料,WiFi,充电",2小时,6:30-22:30
北京首都国际机场,"移动,全球通,移动全球通",N03719,北京首都国际机场,北京市,北京市,PEK,北京首都A3休息室（T3-国内）,T3航站楼,安检后,是,特色休息室、安检前“北京首都T3常旅客会员接待柜台”享优先安检,首都机场T3航站楼国内隔离区内C34、C35登机口旁,国内出发,"茶水/饮料,充电,航班信息咨询,航班显示器,WiFi,小食",2小时,6:30-22:30
南宁吴圩国际机场,"移动,全球通,移动全球通",N03724,南宁吴圩国际机场,广西壮族自治区,南宁市,NNG,品菽概念书屋候机厅（T2国内）,T2航站楼,安检后,否,,安检后向右走100米，到达“品菽概念书屋候机体验厅”,国内出发,"小食,广播提醒登机,代办行李托运,WiFi,代办登机手续,报刊杂志,空调,茶水/饮料",2小时,06:00_22:00
南宁吴圩国际机场,"移动,全球通,移动全球通",N03725,南宁吴圩国际机场,广西壮族自治区,南宁市,NNG,概念书屋候机室（T2国内）,T2航站楼,安检后,否,,安检后，23号登机口斜对面,国内出发,"协办行李托运,协办登机手续,航班信息咨询,茶水/饮料,水果,小食,广播提醒登机,WiFi,报刊杂志",2小时,06:00_22:00
北京首都国际机场,"移动,全球通,移动全球通",N03742,北京首都国际机场,北京市,北京市,PEK,计时休息室(T3国际),T3航站楼,安检后,否,,T3航站楼国际出发E10登机口对面,国际出发,"空调,WiFi,充电,淋浴设施（收费）,独立洗手间,休息室休息,小食,茶水/饮料,航班显示器",2小时,06:30_22:30
林芝米林机场,"移动,全球通,移动全球通",N03764,林芝米林机场,西藏自治区,林芝市,LZY,头等舱候机室（T1国内）,T1航站楼,安检后,否,,安检后，右转二层扶梯，往前走300米左右抵达“头等舱休息室”,国内出发,"人工提醒登机,广播提醒登机,茶水/饮料,小食,餐食（冷/热）,充电,报刊杂志,电视",2小时,08:00_13:00
长沙黄花国际机场,"移动,全球通,移动全球通",N04002,长沙黄花国际机场,湖南省,长沙市,CSX,18号国际头等舱贵宾室（T2国际）,T2航站楼,安检后,否,,安检后，直行150米右手边“18号头等舱贵宾室”（46号登机口右手边）,国际出发,"人工提醒登机,航班显示器,空调,行李寄存,独立洗手间,小食,茶水/饮料,水果,WiFi,电脑,打印,充电,按摩椅,报刊杂志,电视",2小时,国际航班起飞前2小时开厅至晚上22:00关厅
柳州白莲机场,"移动,全球通,移动全球通",N04008,柳州白莲机场,广西壮族自治区,柳州市,LZH,头等舱候机室（T2国内）,T2航站楼,安检后,否,,安检后，候机楼南端6号登机口旁“头等舱候机室”,国内出发,"电脑,打印,充电,人工提醒登机,广播提醒登机,航班显示器,空调,行李寄存,小食,茶水/饮料,WiFi",2小时,early-late-flight
长沙黄花国际机场,"移动,全球通,移动全球通",N04015,长沙黄花国际机场,湖南省,长沙市,CSX,15号头等舱贵宾室(T2国内),T2航站楼,安检后,否,,安检后，右转直行200米，乘坐扶梯下至“15号头等舱贵宾室”,国内出发,"航班信息咨询,叫醒服务,空调,行李寄存,水果,充电,WiFi,报刊杂志,茶水/饮料,小食,航班显示器,广播提醒登机",2小时,07:00_22:00
合肥新桥国际机场,"移动,全球通,移动全球通",N04049,合肥新桥国际机场,安徽省,合肥市,HFE,国内头等舱休息室1,T1航站楼,安检后,否,,安检后，右转A09号登机口对面“头等舱休息室”,国内出发,"打印,传真,水果,酒精饮料,WiFi,航班显示器,报刊杂志,观景区,航班信息咨询,按摩椅,电视,小食,茶水/饮料,空调,独立洗手间,电脑,充电,面食,自助餐饮,餐食（冷/热）",2小时,06:00_23:00
呼和浩特白塔国际机场,"移动,全球通,移动全球通",N04087,呼和浩特白塔国际机场,内蒙古自治区,呼和浩特市,HET,6号头等舱休息室（T2国内）,T2航站楼,安检后,否,,安检后，右侧直走13号登机口附近乘扶梯下楼，106登机口附近,国内出发,"广播提醒登机,航班显示器,空调,小食,茶水/饮料,WiFi,充电,按摩椅,电视,报刊杂志",2小时,06:00_21:00
深圳宝安国际机场,"移动,全球通,移动全球通",N04115,深圳宝安国际机场,广东省,深圳市,SZX,国内嘉宾休息室（T3国内）,T3航站楼,安检后,是,特色休息室、安检前“商务贵宾C24柜台（T3国内）”享优先安检,安检后，扶手梯左边“深圳机场国内嘉宾休息室”,国内出发,"素食,WiFi,充电,报刊杂志,广播提醒登机,行李寄存,餐食（冷/热）,小食,酒精饮料,茶水/饮料,水果,面食",2小时,06:00_22:00
阜阳西关机场,"移动,全球通,移动全球通",N04116,阜阳西关机场,安徽省,阜阳市,FUG,头等舱/商务舱候机室V2,主航站楼,安检后,否,,国内出发，安检后，左手边50米，A3登机口对面“头等舱/商务舱候机室V2”,国内出发,"航班显示器,广播提醒登机,航班信息咨询,空调,独立洗手间,小食,茶水/饮料,WiFi,充电,按摩椅,报刊杂志,电视",2小时,early-late-flight
北京首都国际机场,"移动,全球通,移动全球通",N04128,北京首都国际机场,北京市,北京市,PEK,T3常旅客会员L岛值机区,T3航站楼,安检前,是,协办值机、专属优先安检、特色餐食,首都机场t3航站楼出发层（四层）西侧L岛常旅客会员区（近12号门）,国内出发,协办登机手续，协办行李托运，接待柜台，速通服务，休息室休息，专属值机柜台,2小时,6:30-22:30
深圳宝安国际机场,"移动,全球通,移动全球通",N04186,深圳宝安国际机场,广东省,深圳市,SZX,商务贵宾C24柜台（T3国内）,T3航站楼,安检前,是,协办值机、优先安检,安检前，四层国内出发大厅，C值机岛C24值机柜台,国内出发,"含休息室服务,协办登机手续,协办行李托运,支持虚拟卡",2小时,07:00_20:00
北京大兴国际机场,"移动,全球通,移动全球通",N04217,北京大兴国际机场,北京市,北京市,PKX,BCS国内贵宾休息室（主航站楼）,主航站楼,安检后,否,,大兴机场安检后二层C指廊爱马仕店铺上方浮岛,国内出发,"餐食（冷/热）,航班显示器,水果,茶水/饮料,小食,面食",2小时,4:00-23:00
日照山字河机场,"移动,全球通,移动全球通",N04219,日照山字河机场,山东省,日照市,RIZ,星河国际VIP接待室（主航站楼）,主航站楼,安检后,否,,安检后，1号登机口旁星河贵宾接待室,国内出发,"小食,茶水/饮料,WiFi,充电,观景区,空调",2小时,early-late-flight
临沂启阳机场,"移动,全球通,移动全球通",N04220,临沂启阳机场,山东省,临沂市,LYI,星河国际VIP休息室（主航站楼）,主航站楼,安检后,否,,安检后，右转直梯上2楼右转，3号登机口正对面,国内出发,"人工提醒登机,空调,小食,茶水/饮料,充电,报刊杂志,航班显示器",2小时,8:00-21:00
菏泽牡丹机场,"移动,全球通,移动全球通",N04221,菏泽牡丹机场,山东省,菏泽市,HZA,贵宾接待室 （主航站楼）,主航站楼,安检后,否,,安检后二楼1号登机口对面，贵宾接待室,国内出发,"广播提醒登机,电视,空调,小食,茶水/饮料,WiFi,充电,观景区,航班显示器",2小时,08:00-21:00
德宏芒市机场,"移动,全球通,移动全球通",N04231,德宏芒市机场,云南省,芒市,LUM,航司之家休息厅,主航站楼,安检后,否,,安检后，国内出发候机楼2楼往4号登机口方向航司之家休息室,国内出发,"WiFi,报刊杂志,广播提醒登机,人工提醒登机,航班显示器,吸烟室,母婴室,空调,小食,茶水/饮料,充电",2小时,05:30-最晚出港航班结束
贵阳龙洞堡国际机场,"移动,全球通,移动全球通",N04234,贵阳龙洞堡国际机场,贵州省,贵阳市,KWE,头等舱休息厅（T3国际）,T3航站楼,安检后,否,,安检后，左转20米“头等舱休息厅”,国际出发,"航班显示器,人工提醒登机,航班信息咨询,空调,独立洗手间,小食,茶水/饮料,WiFi,电视,报刊杂志,观景区",2小时,early-late-flight
北京大兴国际机场,"移动,全球通,移动全球通",N04248,北京大兴国际机场,北京市,北京市,PKX,CHUM嘉宾78休息室（安检外）,主航站楼,安检前,,,三层8号门44号安检通道（头等舱、公务舱专属通道CHUM柜台旁）,国内出发,"饮料,水果,小食,WiFi",2小时,6:30-22:30
广州白云国际机场,"移动,全球通,移动全球通",N04264,广州白云国际机场,广东省,广州市,,南航头等舱公务舱休息室（T2国内）,T2航站楼,安检后,是,头等舱同款,安检后，国内1号安检口附近,国内出发,"休息室休息,小食,茶水/饮料",2小时,南航最早航班-南航最晚航班
广州白云国际机场,"移动,全球通,移动全球通",N04265,广州白云国际机场,广东省,广州市,,南航明珠金银卡贵宾休息室（T2国内）,T2航站楼,安检后,是,航司休息室,安检后，国内1号安检口附近 ,国内出发,"休息室休息,小食,茶水/饮料",2小时,南航最早航班-南航最晚航班
哈尔滨太平国际机场,"移动,全球通,移动全球通",N04341,哈尔滨太平国际机场,黑龙江省,哈尔滨市,HRB,贵宾休息室（T2国内）,T2航站楼,安检后,否,,安检后直行20米，往8-29号登机口方向下楼，直行20米左转即到“贵宾休息室”,国内出发,"电视,报刊杂志,茶水/饮料,支持虚拟卡,空调,小食",2小时,6:00-22:00
青岛胶东国际机场,"移动,全球通,移动全球通",N04365,青岛胶东国际机场,山东省,青岛市,TAO,崂山旅游接待室（T1国内）,T1航站楼,安检后,否,,国内出发安检后，42-75登机口方向，中央景观区后侧“崂山旅游接待室”,国内出发,"人工提醒登机,空调,小食,茶水/饮料,WiFi,打印,充电,会议室,航班显示器",2小时,08:00_21:00
大连周水子国际机场,"移动,全球通,移动全球通",N04376,大连周水子国际机场,辽宁省,大连市,DLC,商旅休息室2,主航站楼,安检后,否,,安检后，右转直行14号登机口附近乘手扶电梯上楼后，左转至“商旅休息室2”,国内出发,"小食,茶水/饮料,空调",2小时,08:00_17:00
长春龙嘉国际机场,"移动,全球通,移动全球通",N04441,长春龙嘉国际机场,吉林省,长春市,CGQ,国内头等舱休息室（10号登机口对面）,T2航站楼,安检后,否,,T2航站楼，安检后10号登机口对面,国内出发,"广播提醒登机,报刊杂志,WiFi,餐食（冷/热）,小食,茶水/饮料",2小时,early-late-flight
南通兴东国际机场,"移动,全球通,移动全球通",N04471,南通兴东国际机场,江苏省,南通市,NTG,德人贵宾VIP厅（T3国内）,T3航站楼,安检后,否,,安检后左手边10号登机口旁,国内出发,"航班显示器,人工提醒登机,空调,小食,茶水/饮料,WiFi,充电,报刊杂志",2小时,06:00_21:00
上海虹桥国际机场,"移动,全球通,移动全球通",N04472,上海虹桥国际机场,上海市,上海市,,吉祥V6贵宾室（T2国内）,T2航站楼,安检后,否,,38号登机口附近,国内出发,"休息室休息,小食,茶水/饮料",2小时,05:30-22:00
青岛胶东国际机场,"移动,全球通,移动全球通",N04486,青岛胶东国际机场,山东省,青岛市,TAO,国际贵宾室VIP CLUB5（T1国际）,T1航站楼,安检后,否,,过（海关、安检、边防）后直行步行100米，扶梯右侧即是“国际贵宾室VIP C LUB5”,国际出发,"水果,电视,观景区,报刊杂志,航班显示器,独立洗手间,广播提醒登机,茶水/饮料,充电,WiFi,空调,航班信息咨询,叫醒服务,小食",2小时,10:30_14:30
上海虹桥国际机场,"移动,全球通,移动全球通,广州银行,广州银行龙腾卡",N04507,上海虹桥国际机场,上海市,上海市,SHA,21米层休息室（T2国内）,T2航站楼,安检前,是,专属安检通道、至佳景观、特色餐食,T2航站楼，3楼出发大厅（由B、C值机岛对面两侧扶手电梯直达4层通过彩虹桥直达）,国内出发,"餐食（冷/热）,休息室安检通道,报刊杂志,电脑,独立洗手间,空调,茶水/饮料,水果,小食,休息区",2小时,05:30-出发航班结束
十堰武当山机场,"移动,全球通,移动全球通",N04543,十堰武当山机场,湖北省,十堰市,WDS,VIP商务贵宾候机室（主航站楼）,主航站楼,安检后,否,,安检后，上二楼直行5号登机口旁边,国内出发,"广播提醒登机,航班信息咨询,儿童游乐区,空调,航班显示器,行李寄存,母婴室,小食,茶水/饮料,WiFi,充电,报刊杂志,观景区",2小时,05:30_22:00
昆明长水国际机场,"移动,全球通,移动全球通",N04544,昆明长水国际机场,云南省,昆明市,KMG,百事特贵宾厅B区（T1国内）,主航站楼,安检前,是,协办值机、优先安检,位于航站楼外，面对T1航站楼左侧,国内出发,"协办登机手续,协办行李托运,休息室安检通道,航班信息咨询,空调,独立洗手间,充电",2小时,07:30_20:30
菏泽牡丹机场,"移动,全球通,移动全球通",N04546,菏泽牡丹机场,山东省,菏泽市,HZA,贵宾厅,主航站楼,安检前,是,协办值机、优先安检,面对航站楼，向右直行至航站楼外侧“贵宾厅”,国内出发,"报刊杂志,空调,独立洗手间,小食,茶水/饮料,WiFi,电脑,传真,打印,充电,协办登机手续,协办行李托运,休息室安检通道,航班显示器,广播提醒登机,航班信息咨询,电视",2小时,early-late-flight
乌鲁木齐地窝堡国际机场,"移动,全球通,移动全球通",N04628,乌鲁木齐地窝堡国际机场,新疆维吾尔自治区,乌鲁木齐市,URC,A区嘉宾厅休息室(T3国内）,T3航站楼,安检后,否,,T3航站楼，A区安检后下电梯右侧，A区、B区连接处“A区嘉宾厅休息室”,国内出发,"充电,报刊杂志,空调,小食,茶水/饮料,WiFi",2小时,06:00_21:00
济宁大安机场,"移动,全球通,移动全球通",N04631,济宁大安机场,山东省,济宁市,JNG,接待柜台（T1国内）,T1航站楼,安检前,是,协办值机、优先安检,安检前，三楼国内出发大厅“A6值机柜台”（每周二服务调整至“B3值机柜台”验证提供服务）,国内出发,"协办登机手续,协办行李托运,优先安检通道,休息室休息",2小时,early-late-flight
西安咸阳国际机场,"移动,全球通,移动全球通",N04643,西安咸阳国际机场,陕西省,西安市,XIY,幸福航空VIP休息室（T2国内）,T2航站楼,安检后,是,航司休息室,安检后，向右100米，11号登机口斜对面“幸福航空VIP休息室”,国内出发,"电视,报刊杂志,独立洗手间,空调,航班显示器,餐食（冷/热）,小食,茶水/饮料,酒精饮料,水果,WiFi,电脑,传真,打印,充电,按摩椅",2小时,05:00_22:00
于田万方机场,"移动,全球通,移动全球通",N04664,于田万方机场,新疆维吾尔自治区,和田市,YTW,VIP商务贵宾室,主航站楼,安检后,否,,安检后，右手边“VIP商务贵宾室”,国内出发,报刊杂志，空调，独立洗手间，小食，茶水/饮料，WiFi，电脑，传真，打印，充电，协办登机手续，协办行李托运，休息室安检通道，航班显示器，广播提醒登机，航班信息咨询，电视,2小时,最早航班-最晚航班
若羌楼兰机场,"移动,全球通,移动全球通",N04665,若羌楼兰机场,新疆维吾尔自治区,巴音郭楞蒙古自治州,RQA,金银卡头等舱候机室,主航站楼,安检后,否,,安检后，右侧“金银卡头等舱候机室”,国内出发,"休息室休息,小食,茶水/饮料,空调,充电",2小时,11:00_20:00
且末机场,"移动,全球通,移动全球通",N04667,且末机场,新疆维吾尔自治区,且末县,IQM,头等舱候机室,主航站楼,安检后,否,,安检后，右手边“头等舱候机室”（机场资源受限不提供小食饮品，仅提供休息区域）,国内出发,"充电,电视,休息室休息,广播提醒登机,空调",2小时,09:00_20:00
重庆江北国际机场,"移动,全球通,移动全球通",N04674,重庆江北国际机场,重庆市,重庆市,CKG,畅逸行贵宾厅（T3国内）,T3航站楼,安检后,否,,T3A航站楼，安检后，E10登机口旁“畅逸行贵宾厅”,国内出发,"人工提醒登机,航班显示器,航班信息咨询,空调,小食,茶水/饮料,面食,WiFi,充电,打印,报刊杂志,电视",2小时,06:00_22:00
武汉天河国际机场,"移动,全球通,移动全球通",N04680,武汉天河国际机场,湖北省,武汉市,WUH,V18贵宾休息室（T2国内）,T2航站楼,安检后,否,,安检后，正右方电梯上二楼50米,国内出发,"行李寄存,电视,报刊杂志,独立洗手间,餐食（冷/热）,小食,茶水/饮料,面食,WiFi,充电,航班显示器,航班信息咨询,观景区",2小时,06:10-最晚航班
武汉天河国际机场,"移动,全球通,移动全球通",N04681,武汉天河国际机场,湖北省,武汉市,WUH,V16贵宾休息室（T2国内）,T2航站楼,安检后,否,,安检后，正左手边扶手上二楼50米,国内出发,"小食,茶水/饮料,面食,WiFi,充电,电视,报刊杂志,观景区,航班显示器,航班信息咨询,行李寄存,独立洗手间,餐食（冷/热）",2小时,06:10-最晚航班
上饶三清山机场,"移动,全球通,移动全球通",N04682,上饶三清山机场,江西省,上饶市,SQD,头等舱嘉宾服务柜台（T1国内）,T1航站楼,安检前,是,协办值机、优先安检,安检前，2号门进来正对面“问询柜台”,国内出发,休息室休息、优先安检通道、协办登机手续、协办行李托运,2小时,最早航班-最晚航班
武汉天河国际机场,"移动,全球通,移动全球通",N04684,武汉天河国际机场,湖北省,武汉市,WUH,1号贵宾接待处（T2国内）,T2航站楼,安检前,是,优先安检,安检前，二层出发大厅，3号门内左侧“1号贵宾接待处”,国内出发,"优先安检通道,航班信息咨询,茶水/饮料,WiFi",2小时,06:00_22:00
武汉天河国际机场,"移动,全球通,移动全球通",N04685,武汉天河国际机场,湖北省,武汉市,WUH,2号贵宾接待处（T2国内）,T2航站楼,安检前,是,优先安检,安检前，2层出发大厅，3号门内右侧“2号贵宾接待处”,国内出发,"茶水/饮料,WiFi,充电,报刊杂志,航班信息咨询,接待柜台,优先安检通道",2小时,06:00_22:00
重庆江北国际机场,"移动,全球通,移动全球通",N04686,重庆江北国际机场,重庆市,重庆市,CKG,畅逸行服务柜台（T3国内）,T3航站楼,安检前,是,优先安检、电瓶车、安检后休息室,T3A航站楼，出发层3G岛后侧“01号头等舱安检通道”旁“畅逸行专属柜台”,国内出发,"休息室休息,代步电瓶车,优先安检通道",2小时,06:00_21:00
重庆江北国际机场,"移动,全球通,移动全球通",N04694,重庆江北国际机场,重庆市,重庆市,,南航头等舱公务舱休息室（T3国内）,T3航站楼,安检后,是,头等舱同款,安检后，T3航站楼安检后G指廊入口处,国内出发,"休息室休息,小食,茶水/饮料",2小时,南航最早航班-南航最晚航班
运城张孝机场,"移动,全球通,移动全球通",N04707,运城张孝机场,山西省,运城市,YCU,国际头等舱候机室3,T2航站楼,安检后,否,,安检后右手边10米，10号登机口对面,国际出发,"报刊杂志,充电,小食,饮料,航班显示器,广播提醒登机,人工提醒登机",2小时,最早航班-最晚航班（航班起飞前90分钟可使用休息室）
扬州泰州机场,"移动,全球通,移动全球通",N04819,扬州泰州机场,江苏省,扬州市,YTY,国内头等舱休息室（3）,主航站楼,安检后,否,,安检后，右转乘坐手扶梯上至二楼（3号登机口对面）,国内出发,报刊杂志、电视、电脑、航班显示器、茶水/饮料、小食、广播提醒登机,2小时,最早航班-最晚航班
赤峰玉龙机场,"移动,全球通,移动全球通",N04837,赤峰玉龙机场,内蒙古自治区,赤峰市,CIF,头等舱休息室,主航站楼,安检后,否,,安检后，头等舱休息室,国内出发,"休息室休息,小食,茶水/饮料",2小时,最早航班-最晚航班
韶关机场,"移动,全球通,移动全球通",N04839,韶关机场,广东省,韶关市,HSC,VIP贵宾厅,主航站楼,安检后,否,,位于航站楼外，面向航站楼左侧,国内出发,"休息室休息,小食,茶水/饮料",2小时,根据当日航班运行情况开厅
张家口宁远机场,"移动,全球通,移动全球通",N04843,张家口宁远机场,河北省,张家口市,,头等舱休息室,主航站楼,安检后,否,,安检后1号登机口斜对面,国内出发,"休息室休息,小食,茶水/饮料",2小时,根据当日航班运行情况开厅
承德普宁机场,"移动,全球通,移动全球通",N04844,承德普宁机场,河北省,承德市,,头等舱休息室,主航站楼,安检后,否,,安检后直走左侧头等舱休息室,国内出发,"休息室休息,小食,茶水/饮料",2小时,根据当日航班运行情况开厅
秦皇岛北戴河国际机场,"移动,全球通,移动全球通",N04845,秦皇岛北戴河国际机场,河北省,秦皇岛市,,头等舱休息室,主航站楼,安检后,否,,航站楼隔离区内二楼扶梯对面,国内出发,"休息室休息,小食,茶水/饮料",2小时,根据当日航班运行情况开厅
杭州萧山国际机场,"移动,全球通,移动全球通",N04848,杭州萧山国际机场,浙江省,杭州市,,南航明珠金银卡贵宾休息室（T4国内）,T4航站楼,安检后,是,航司休息室,安检后直行右转,国内出发,"休息室休息,小食,茶水/饮料",2小时,南航最早航班-南航最晚航班
广州白云国际机场,"移动,全球通,移动全球通",N04849,广州白云国际机场,广东省,广州市,,南航头等舱公务舱休息室（T2国际）,T2航站楼,安检后,是,头等舱同款,安检后，国际边防后直走10米，左手边走到尽头,国际出发,"休息室休息,小食,茶水/饮料",2小时,南航最早航班-南航最晚航班
广州白云国际机场,"移动,全球通,移动全球通",N04850,广州白云国际机场,广东省,广州市,,南航明珠金银卡贵宾休息室（T2国际）,T2航站楼,安检后,是,航司休息室,安检后，国际边防后直走10米，左手边走到尽头,国际出发,"休息室休息,小食,茶水/饮料",2小时,南航最早航班-南航最晚航班
乌鲁木齐地窝堡国际机场,"移动,全球通,移动全球通",N04852,乌鲁木齐地窝堡国际机场,新疆维吾尔自治区,乌鲁木齐市,,南航头等舱公务舱休息室（T3国内）,T3航站楼,安检后,是,头等舱同款,安检后，38号登机口附近,国内出发,"休息室休息,小食,茶水/饮料",2小时,南航最早航班-南航最晚航班
乌鲁木齐地窝堡国际机场,"移动,全球通,移动全球通",N04853,乌鲁木齐地窝堡国际机场,新疆维吾尔自治区,乌鲁木齐市,,南航头等舱公务舱明珠会员休息室（T3国内）,T3航站楼,安检后,是,航司休息室,安检后，25号登机口附近,国内出发,"休息室休息,小食,茶水/饮料",2小时,南航最早航班-南航最晚航班
乌鲁木齐地窝堡国际机场,"移动,全球通,移动全球通",N04854,乌鲁木齐地窝堡国际机场,新疆维吾尔自治区,乌鲁木齐市,,南航明珠金银卡贵宾休息室（T3国内）,T3航站楼,安检后,是,航司休息室,安检后，32号登机口附近,国内出发,"休息室休息,小食,茶水/饮料",2小时,南航最早航班-南航最晚航班
乌鲁木齐地窝堡国际机场,"移动,全球通,移动全球通",N04855,乌鲁木齐地窝堡国际机场,新疆维吾尔自治区,乌鲁木齐市,,南航头等舱公务舱明珠会员休息室（T3国际）,T3航站楼,安检后,是,航司休息室,安检后，18号登机口附近,国际出发,"休息室休息,小食,茶水/饮料",2小时,南航最早航班-南航最晚航班
沈阳桃仙国际机场,"移动,全球通,移动全球通",N04856,沈阳桃仙国际机场,辽宁省,沈阳市,,南航头等舱公务舱休息室（T3国内）,T3航站楼,安检后,是,头等舱同款,安检后，21号登机口附近,国内出发,"休息室休息,小食,茶水/饮料",2小时,南航最早航班-南航最晚航班
沈阳桃仙国际机场,"移动,全球通,移动全球通",N04857,沈阳桃仙国际机场,辽宁省,沈阳市,,南航明珠金银卡贵宾休息室（T3国内）,T3航站楼,安检后,是,航司休息室,安检后，21号登机口附近,国内出发,"休息室休息,小食,茶水/饮料",2小时,南航最早航班-南航最晚航班
沈阳桃仙国际机场,"移动,全球通,移动全球通",N04858,沈阳桃仙国际机场,辽宁省,沈阳市,,南航头等舱公务舱明珠会员休息室（T3国际）,T3航站楼,安检后,是,头等舱同款,安检后，安检后右转免税店正对面,国际出发,"休息室休息,小食,茶水/饮料",2小时,南航最早航班-南航最晚航班
哈尔滨太平国际机场,"移动,全球通,移动全球通",N04859,哈尔滨太平国际机场,黑龙江省,哈尔滨市,,南航头等舱公务舱明珠会员休息室（T2国内）,T2航站楼,安检后,是,航司休息室,安检后，32号登机口附近,国内出发,"休息室休息,小食,茶水/饮料",2小时,南航最早航班-南航最晚航班
长春龙嘉国际机场,"移动,全球通,移动全球通",N04860,长春龙嘉国际机场,吉林省,长春市,,南航头等舱公务舱休息室（T2国内）,T2航站楼,安检后,是,头等舱同款,安检后，13号登机口附近,国内出发,"休息室休息,小食,茶水/饮料",2小时,南航最早航班-南航最晚航班
长春龙嘉国际机场,"移动,全球通,移动全球通",N04861,长春龙嘉国际机场,吉林省,长春市,,南航明珠金银卡贵宾休息室（T2国内）,T2航站楼,安检后,是,航司休息室,安检后，12号登机口附近,国内出发,"休息室休息,小食,茶水/饮料",2小时,南航最早航班-南航最晚航班
大连周水子国际机场,"移动,全球通,移动全球通",N04862,大连周水子国际机场,辽宁省,大连市,,南航头等舱公务舱休息室（T1国内）,T1航站楼,安检后,是,头等舱同款,安检后，15号与14号登机口附近电梯上行或12号登机口附近电梯上行,国内出发,"休息室休息,小食,茶水/饮料",2小时,南航最早航班-南航最晚航班
大连周水子国际机场,"移动,全球通,移动全球通",N04863,大连周水子国际机场,辽宁省,大连市,,南航明珠金银卡贵宾休息室（T1国内）,T1航站楼,安检后,是,航司休息室,安检后，15号与14号登机口附近电梯上行或12号登机口附近电梯上行,国内出发,"休息室休息,小食,茶水/饮料",2小时,南航最早航班-南航最晚航班
大连周水子国际机场,"移动,全球通,移动全球通",N04864,大连周水子国际机场,辽宁省,大连市,,南航头等舱公务舱明珠会员休息室（T1国际）,T1航站楼,安检后,是,头等舱同款,安检后，23号登机口附近,国际出发,"休息室休息,小食,茶水/饮料",2小时,南航最早航班-南航最晚航班
长沙黄花国际机场,"移动,全球通,移动全球通",N04867,长沙黄花国际机场,湖南省,长沙市,,南航头等舱公务舱休息室（T2国内）,T2航站楼,安检后,是,头等舱同款,安检后，28号登机口附近,国内出发,"休息室休息,小食,茶水/饮料",2小时,南航最早航班-南航最晚航班
长沙黄花国际机场,"移动,全球通,移动全球通",N04868,长沙黄花国际机场,湖南省,长沙市,,南航明珠金银卡贵宾休息室（T2国内）,T2航站楼,安检后,是,航司休息室,安检后，38号登机口附近,国内出发,"休息室休息,小食,茶水/饮料",2小时,南航最早航班-南航最晚航班
三亚凤凰国际机场,"移动,全球通,移动全球通",N04869,三亚凤凰国际机场,海南省,三亚市,,南航头等舱公务舱明珠会员休息室（T2国内）,T2航站楼,安检后,是,头等舱同款, 安检后，217号登机口附近,国内出发,"休息室休息,小食,茶水/饮料",2小时,南航最早航班-南航最晚航班
海口美兰国际机场,"移动,全球通,移动全球通",N04870,海口美兰国际机场,海南省,海口市,,南航头等舱公务舱明珠会员休息室（T2国内）,T2航站楼,安检后,是,头等舱同款,安检后，32号登机口附近,国内出发,"休息室休息,小食,茶水/饮料",2小时,南航最早航班-南航最晚航班
南宁吴圩国际机场,"移动,全球通,移动全球通",N04871,南宁吴圩国际机场,广西壮族自治区,南宁市,,南航头等舱公务舱休息室（T2国内）,T2航站楼,安检后,是,头等舱同款,安检后，13，14号登机口附近,国内出发,"休息室休息,小食,茶水/饮料",2小时,南航最早航班-南航最晚航班
南宁吴圩国际机场,"移动,全球通,移动全球通",N04872,南宁吴圩国际机场,广西壮族自治区,南宁市,,南航明珠金银卡贵宾休息室（T2国内）,T2航站楼,安检后,是,航司休息室,安检后，13，14号登机口附近,国内出发,"休息室休息,小食,茶水/饮料",2小时,南航最早航班-南航最晚航班
郑州新郑国际机场,"移动,全球通,移动全球通",N04873,郑州新郑国际机场,河南省,郑州市,,南航V1头等舱公务舱休息室（T2国内）,T2航站楼,安检后,是,头等舱同款,安检后，217号登机口附近,国内出发,"休息室休息,小食,茶水/饮料",2小时,南航最早航班-南航最晚航班
郑州新郑国际机场,"移动,全球通,移动全球通",N04874,郑州新郑国际机场,河南省,郑州市,,南航V1明珠金银卡贵宾休息室（T2国内）,T2航站楼,安检后,是,航司休息室,安检后，217号登机口附近,国内出发,"休息室休息,小食,茶水/饮料",2小时,南航最早航班-南航最晚航班
珠海金湾机场,"移动,全球通,移动全球通",N04875,珠海金湾机场,广东省,珠海市,,南航头等舱公务舱明珠会员休息室,主航站楼,安检后,是,头等舱同款,安检后，1号登机口附近,国内出发,"休息室休息,小食,茶水/饮料",2小时,南航最早航班-南航最晚航班
重庆江北国际机场,"移动,全球通,移动全球通",N04876,重庆江北国际机场,重庆市,重庆市,,南航明珠金银卡贵宾休息室（T3国内）,T3航站楼,安检后,是,航司休息室,安检后，T3航站楼安检后G指廊入口处,国内出发,"休息室休息,小食,茶水/饮料",2小时,南航最早航班-南航最晚航班
南阳姜营机场,"移动,全球通,移动全球通",N04877,南阳姜营机场,河南省,南阳市,,南航头等舱公务舱明珠会员休息室,主航站楼,安检后,是,头等舱同款,安检后，2号登机口附近,国内出发,"休息室休息,小食,茶水/饮料",2小时,南航最早航班-南航最晚航班
南京禄口国际机场,"移动,全球通,移动全球通",N04878,南京禄口国际机场,江苏省,南京市,,南航V5头等舱公务舱休息室（T1国内）,T1航站楼,安检后,是,头等舱同款,安检后，115号登机口对面,国内出发,"休息室休息,小食,茶水/饮料",2小时,南航最早航班-南航最晚航班
南京禄口国际机场,"移动,全球通,移动全球通",N04879,南京禄口国际机场,江苏省,南京市,,南航V5明珠金银卡贵宾休息室（T1国内）,T1航站楼,安检后,是,航司休息室,安检后，115号登机口对面,国内出发,"休息室休息,小食,茶水/饮料",2小时,南航最早航班-南航最晚航班
杭州萧山国际机场,"移动,全球通,移动全球通",N04881,杭州萧山国际机场,浙江省,杭州市,,南航头等舱公务舱休息室（T4国内）,T4航站楼,安检后,是,头等舱同款,安检后直行右转,国内出发,"休息室休息,小食,茶水/饮料",2小时,南航最早航班-南航最晚航班
襄阳刘集机场,"移动,全球通,移动全球通",N04883,襄阳刘集机场,湖北省,襄阳市,,国内头等舱休息室服务,主航站楼,安检后,否,,安检内一楼头等舱（6号登机口边上）,国内出发,报刊杂志、广播提醒登机、小食、茶水/饮料、WiFi、航班信息咨询,2小时,08:00-22:00
昭苏天马机场,"移动,全球通,移动全球通",N04885,昭苏天马机场,新疆维吾尔自治区,昭苏,ZFL,两舱休息室,主航站楼,安检后,否,,安检内直行两舱休息室,国内出发,"休息室休息,小食,茶水/饮料",2小时,根据当日航班运行情况开厅
武汉天河国际机场,"移动,全球通,移动全球通",N04930,武汉天河国际机场,湖北省,武汉市,,5号国内头等舱休息室（T3国内）,T3航站楼,安检后,否,,B区安检后，右边扶梯下行至二楼05号头等舱休息室,国内出发,"休息室休息,小食,茶水/饮料",2小时,根据当日航班运行情况开厅
长沙黄花国际机场,"移动,全球通,移动全球通",N04931,长沙黄花国际机场,湖南省,长沙市,,T2-17号国际厅,T2航站楼,安检后,否,,安检后，17号国际厅,国际出发,"休息室休息,小食,茶水/饮料",2小时,根据当日航班运行情况开厅
赣州黄金机场,"移动,全球通,移动全球通",N04932,赣州黄金机场,江西省,赣州市,KOW,1号头等舱休息室(T2国内）,主航站楼,安检后,否,,安检后，201登机口旁,国内出发,"休息室休息,小食,茶水/饮料",2小时,根据当日航班运行情况开厅
锦州湾机场,"移动,全球通,移动全球通",N04933,锦州湾机场,辽宁省,锦州市,JNZ,头等舱休息室（3号）,主航站楼,安检后,否,,"安检后,右侧手扶梯至二楼头等舱休息区",国内出发,"电视,茶水/饮料,报刊杂志,小食",2小时,根据当日航班运行情况开厅
满洲里西郊国际机场,"移动,全球通,移动全球通",N04934,满洲里西郊国际机场,内蒙古自治区,满洲里,NZH,头等舱休息厅（安检后）,主航站楼,安检后,否,,安检后乘电梯上二层,国内出发,"休息室休息,小食,茶水/饮料",2小时,根据当日航班运行情况开厅
铜仁凤凰机场,"移动,全球通,移动全球通",N04935,铜仁凤凰机场,贵州省,铜仁市,TEN,贵宾室二,主航站楼,安检后,否,,候机楼二楼,国内出发,"休息室休息,小食,茶水/饮料",2小时,根据当日航班运行情况开厅
拉萨贡嘎机场,"移动,全球通,移动全球通",N04936,拉萨贡嘎机场,西藏自治区,拉萨市,LXA,国际头等舱休息室（T2）,T2航站楼,安检后,否,,安检后，T2国际头等舱休息室,国际出发,"休息室休息,小食,茶水/饮料",2小时,根据当日航班运行情况开厅
广州白云国际机场,"移动,全球通,移动全球通,中信银行,中信银行龙腾卡,广州银行,广州银行龙腾卡",N02199,广州白云国际机场,广东省,广州市,CAN,味千拉面(T2),T2航站楼,安检后,否,,过安检后左转直行50米附近(三楼美食区),国内出发,"饮品：【超大可乐 * 1】,配菜：【金针菇牛肉卷(4只) * 4,海裙菜 * 1】,主食：【经典味千拉面 * 1】",2小时,07:30-21:00
广州白云国际机场,"移动,全球通,移动全球通,中信银行,中信银行龙腾卡,广州银行,广州银行龙腾卡",N02334,广州白云国际机场,广东省,广州市,CAN,半岛名轩(T23D-71店),T2航站楼,安检后,否,,B区安检口左转直行30米处,国内出发,"配菜：【泉水白灼生菜 * 1】,主食：【酸菜鱼 * 1,白米饭 * 1】",2小时,10:00-21:00
广州白云国际机场,"移动,全球通,移动全球通,中信银行,中信银行龙腾卡,广州银行,广州银行龙腾卡",N02574,广州白云国际机场,广东省,广州市,CAN,太平洋咖啡,T1航站楼,安检后,否,,B区西二指廊，B214登机口附近,国内出发,"饮品：【榛子拿铁 * 1,依云水 * 1】,甜点：【伯爵抹茶/朗姆栗子/LaViÑa 巴斯克/奥利奥芝士/海盐太妃芝士/熊猫王子(芝士蛋糕) * 1】,主食：【火腿芝士可颂 * 1】",2小时,05:30-22:00
广州白云国际机场,"移动,全球通,移动全球通,中信银行,中信银行龙腾卡,广州银行,广州银行龙腾卡",N02575,广州白云国际机场,广东省,广州市,CAN,惠如楼,T2航站楼,安检后,否,,过安检后左转直行50米附近(三楼美食区),国内出发,"配菜：【白灼菜心 * 1】,主食：【如意白切鸡 * 1,白米饭 * 1】",2小时,05:30-22:00(新套餐从2023-8-1启用）
广州白云国际机场,"移动,全球通,移动全球通,中信银行,中信银行龙腾卡,广州银行,广州银行龙腾卡",N02718,广州白云国际机场,广东省,广州市,CAN,美颐美,T1航站楼,安检后,否,,B区221登机口旁,国内出发,"汤品：【椰子鸡汤 * 1】,饮品：【百香果金桔汁 * 1】,小食：【咖喱鱼丸 * 1,鲍汁酱骨架2块 * 1】,配菜：【菜心 * 1,酸辣云耳 * 1】,主食：【鲍汁排骨饭 * 1】",2小时,10:00-22:00
广州白云国际机场,"移动,全球通,移动全球通,中信银行,中信银行龙腾卡,广州银行,广州银行龙腾卡",N02931,广州白云国际机场,广东省,广州市,CAN,味千拉面,T1航站楼,安检后,否,,A127登机口旁边,国内出发,"饮品：【超大可乐 * 1】,配菜：【金针菇牛肉卷(4只) * 4,海裙菜 * 1】,主食：【经典味千拉面 * 1】",2小时,08:00-22:00
广州白云国际机场,"移动,全球通,移动全球通,中信银行,中信银行龙腾卡,广州银行,广州银行龙腾卡",N02932,广州白云国际机场,广东省,广州市,CAN,味千拉面（T1B区）,T1航站楼,安检后,否,,B223登机口旁边,国内出发,"饮品：【超大可乐 * 1】,配菜：【金针菇牛肉卷(4只) * 4,海裙菜 * 1】,主食：【经典味千拉面 * 1】",2小时,08:00-22:00
广州白云国际机场,"移动,全球通,移动全球通,中信银行,中信银行龙腾卡,广州银行,广州银行龙腾卡",N03161,广州白云国际机场,广东省,广州市,CAN,遇见小面(T1安检内B204登机口旁),T1航站楼,安检后,否,,B204登机口旁，B208登机口对面,国内出发,"饮品：【酸梅汤(350ml） * 1】,小食：【酱板鸭 * 1,香酥带鱼 * 1】,配菜：【白灼小青菜  * 1,爽口海草 * 1,开胃泡菜 * 1】,主食：【超级碗(多拼浇头面) * 1】",2小时,06:00-22:00
广州白云国际机场,"移动,全球通,移动全球通,中信银行,中信银行龙腾卡,广州银行,广州银行龙腾卡",N03162,广州白云国际机场,广东省,广州市,CAN,遇见小面(T2安检内275登机口),T2航站楼,安检后,否,,275登机口附近,国内出发,"饮品：【酸梅汤(350ml） * 1】,小食：【酱板鸭 * 1,香酥带鱼 * 1】,配菜：【白灼小青菜  * 1,爽口海草 * 1,开胃泡菜 * 1】,主食：【超级碗(多拼浇头面) * 1】",2小时,06:00-22:00
